2024/03/25 17:00,01F0017N,01F0005N,31,47,69
2024/03/25 17:00,01F0017N,01F0005N,32,46,22
2024/03/25 17:00,01F0017N,01F0005N,41,47,5
2024/03/25 17:00,01F0017N,01F0005N,42,51,2
2024/03/25 17:00,01F0017N,01F0005N,5,0,0
2024/03/25 17:00,01F0029N,01F0017N,31,48,96
2024/03/25 17:00,01F0029N,01F0017N,32,47,28
2024/03/25 17:00,01F0029N,01F0017N,41,47,4
2024/03/25 17:00,01F0029N,01F0017N,42,54,3
2024/03/25 17:00,01F0029N,01F0017N,5,55,1
2024/03/25 17:00,01F0005S,01F0017S,31,48,74
2024/03/25 17:00,01F0005S,01F0017S,32,46,14
2024/03/25 17:00,01F0005S,01F0017S,41,46,3
2024/03/25 17:00,01F0005S,01F0017S,42,55,2
2024/03/25 17:00,01F0005S,01F0017S,5,0,0
2024/03/25 17:00,01F0061N,01F0029N,31,122,118
2024/03/25 17:00,01F0061N,01F0029N,32,123,29
2024/03/25 17:00,01F0061N,01F0029N,41,124,4
2024/03/25 17:00,01F0061N,01F0029N,42,134,4
2024/03/25 17:00,01F0061N,01F0029N,5,127,2
2024/03/25 17:00,01F0017S,01F0029S,31,46,84
2024/03/25 17:00,01F0017S,01F0029S,32,48,24
2024/03/25 17:00,01F0017S,01F0029S,41,50,5
2024/03/25 17:00,01F0017S,01F0029S,42,55,1
2024/03/25 17:00,01F0017S,01F0029S,5,50,1
2024/03/25 17:00,01F0099N,01F0061N,31,173,184
2024/03/25 17:00,01F0099N,01F0061N,32,174,54
2024/03/25 17:00,01F0099N,01F0061N,41,180,6
2024/03/25 17:00,01F0099N,01F0061N,42,214,4
2024/03/25 17:00,01F0099N,01F0061N,5,199,5
2024/03/25 17:00,01F0029S,01F0061S,31,131,124
2024/03/25 17:00,01F0029S,01F0061S,32,138,41
2024/03/25 17:00,01F0029S,01F0061S,41,135,10
2024/03/25 17:00,01F0029S,01F0061S,42,141,5
2024/03/25 17:00,01F0029S,01F0061S,5,137,4
2024/03/25 17:00,01F0147N,01F0099N,31,199,88
2024/03/25 17:00,01F0147N,01F0099N,32,197,27
2024/03/25 17:00,01F0147N,01F0099N,41,201,5
2024/03/25 17:00,01F0147N,01F0099N,42,198,3
2024/03/25 17:00,01F0147N,01F0099N,5,227,4
2024/03/25 17:00,01H0174N,01F0099N,31,300,61
2024/03/25 17:00,01H0174N,01F0099N,32,305,18
2024/03/25 17:00,01H0174N,01F0099N,41,0,0
2024/03/25 17:00,01H0174N,01F0099N,42,311,2
2024/03/25 17:00,01H0174N,01F0099N,5,0,0
2024/03/25 17:00,03F0087S,01F0099N,31,2236,1
2024/03/25 17:00,03F0087S,01F0099N,32,0,0
2024/03/25 17:00,03F0087S,01F0099N,41,0,0
2024/03/25 17:00,03F0087S,01F0099N,42,0,0
2024/03/25 17:00,03F0087S,01F0099N,5,0,0
2024/03/25 17:00,03F0116N,01F0099N,31,109,69
2024/03/25 17:00,03F0116N,01F0099N,32,109,30
2024/03/25 17:00,03F0116N,01F0099N,41,116,1
2024/03/25 17:00,03F0116N,01F0099N,42,0,0
2024/03/25 17:00,03F0116N,01F0099N,5,116,4
2024/03/25 17:00,01F0061S,01F0099S,31,166,233
2024/03/25 17:00,01F0061S,01F0099S,32,165,70
2024/03/25 17:00,01F0061S,01F0099S,41,171,15
2024/03/25 17:00,01F0061S,01F0099S,42,173,6
2024/03/25 17:00,01F0061S,01F0099S,5,184,3
2024/03/25 17:00,01F0155N,01F0147N,31,40,169
2024/03/25 17:00,01F0155N,01F0147N,32,39,60
2024/03/25 17:00,01F0155N,01F0147N,41,45,2
2024/03/25 17:00,01F0155N,01F0147N,42,39,10
2024/03/25 17:00,01F0155N,01F0147N,5,41,6
2024/03/25 17:00,01F0099S,01F0147S,31,209,114
2024/03/25 17:00,01F0099S,01F0147S,32,207,33
2024/03/25 17:00,01F0099S,01F0147S,41,227,8
2024/03/25 17:00,01F0099S,01F0147S,42,228,4
2024/03/25 17:00,01F0099S,01F0147S,5,246,5
2024/03/25 17:00,03F0087S,01F0147S,31,239,23
2024/03/25 17:00,03F0087S,01F0147S,32,0,0
2024/03/25 17:00,03F0087S,01F0147S,41,232,2
2024/03/25 17:00,03F0087S,01F0147S,42,0,0
2024/03/25 17:00,03F0087S,01F0147S,5,263,5
2024/03/25 17:00,03F0116N,01F0147S,31,242,23
2024/03/25 17:00,03F0116N,01F0147S,32,240,9
2024/03/25 17:00,03F0116N,01F0147S,41,244,1
2024/03/25 17:00,03F0116N,01F0147S,42,290,2
2024/03/25 17:00,03F0116N,01F0147S,5,270,2
2024/03/25 17:00,01F0213N,01F0155N,31,271,103
2024/03/25 17:00,01F0213N,01F0155N,32,276,44
2024/03/25 17:00,01F0213N,01F0155N,41,308,1
2024/03/25 17:00,01F0213N,01F0155N,42,293,7
2024/03/25 17:00,01F0213N,01F0155N,5,278,5
2024/03/25 17:00,01F0147S,01F0155S,31,40,185
2024/03/25 17:00,01F0147S,01F0155S,32,41,52
2024/03/25 17:00,01F0147S,01F0155S,41,42,10
2024/03/25 17:00,01F0147S,01F0155S,42,44,9
2024/03/25 17:00,01F0147S,01F0155S,5,43,13
2024/03/25 17:00,01F0155S,01F0182S,31,133,123
2024/03/25 17:00,01F0155S,01F0182S,32,141,45
2024/03/25 17:00,01F0155S,01F0182S,41,146,2
2024/03/25 17:00,01F0155S,01F0182S,42,150,6
2024/03/25 17:00,01F0155S,01F0182S,5,142,13
2024/03/25 17:00,01F0233N,01F0213N,31,89,110
2024/03/25 17:00,01F0233N,01F0213N,32,90,43
2024/03/25 17:00,01F0233N,01F0213N,41,89,3
2024/03/25 17:00,01F0233N,01F0213N,42,89,12
2024/03/25 17:00,01F0233N,01F0213N,5,89,16
2024/03/25 17:00,01F0256N,01F0233N,31,118,246
2024/03/25 17:00,01F0256N,01F0233N,32,120,70
2024/03/25 17:00,01F0256N,01F0233N,41,131,7
2024/03/25 17:00,01F0256N,01F0233N,42,116,11
2024/03/25 17:00,01F0256N,01F0233N,5,109,13
2024/03/25 17:00,01F0182S,01F0248S,31,594,145
2024/03/25 17:00,01F0182S,01F0248S,32,598,68
2024/03/25 17:00,01F0182S,01F0248S,41,630,5
2024/03/25 17:00,01F0182S,01F0248S,42,591,8
2024/03/25 17:00,01F0182S,01F0248S,5,606,12
2024/03/25 17:00,01F0293N,01F0256N,31,145,244
2024/03/25 17:00,01F0293N,01F0256N,32,148,52
2024/03/25 17:00,01F0293N,01F0256N,41,158,13
2024/03/25 17:00,01F0293N,01F0256N,42,145,8
2024/03/25 17:00,01F0293N,01F0256N,5,157,16
2024/03/25 17:00,01F0248S,01F0264S,31,70,223
2024/03/25 17:00,01F0248S,01F0264S,32,75,86
2024/03/25 17:00,01F0248S,01F0264S,41,71,7
2024/03/25 17:00,01F0248S,01F0264S,42,69,13
2024/03/25 17:00,01F0248S,01F0264S,5,69,10
2024/03/25 17:00,01F0340N,01F0293N,31,177,184
2024/03/25 17:00,01F0340N,01F0293N,32,180,60
2024/03/25 17:00,01F0340N,01F0293N,41,189,12
2024/03/25 17:00,01F0340N,01F0293N,42,188,8
2024/03/25 17:00,01F0340N,01F0293N,5,188,10
2024/03/25 17:00,01F0264S,01F0293S,31,130,243
2024/03/25 17:00,01F0264S,01F0293S,32,130,84
2024/03/25 17:00,01F0264S,01F0293S,41,131,12
2024/03/25 17:00,01F0264S,01F0293S,42,139,10
2024/03/25 17:00,01F0264S,01F0293S,5,136,11
2024/03/25 17:00,01F0293S,01F0339S,31,197,184
2024/03/25 17:00,01F0293S,01F0339S,32,201,61
2024/03/25 17:00,01F0293S,01F0339S,41,215,12
2024/03/25 17:00,01F0293S,01F0339S,42,206,10
2024/03/25 17:00,01F0293S,01F0339S,5,211,9
2024/03/25 17:00,01H0305S,01F0339S,31,151,108
2024/03/25 17:00,01H0305S,01F0339S,32,152,35
2024/03/25 17:00,01H0305S,01F0339S,41,154,1
2024/03/25 17:00,01H0305S,01F0339S,42,0,0
2024/03/25 17:00,01H0305S,01F0339S,5,0,0
2024/03/25 17:00,01F0376N,01F0340N,31,499,271
2024/03/25 17:00,01F0376N,01F0340N,32,506,105
2024/03/25 17:00,01F0376N,01F0340N,41,475,13
2024/03/25 17:00,01F0376N,01F0340N,42,637,15
2024/03/25 17:00,01F0376N,01F0340N,5,485,5
2024/03/25 17:00,01H0447N,01F0340N,31,804,125
2024/03/25 17:00,01H0447N,01F0340N,32,804,48
2024/03/25 17:00,01H0447N,01F0340N,41,735,7
2024/03/25 17:00,01H0447N,01F0340N,42,740,1
2024/03/25 17:00,01H0447N,01F0340N,5,0,0
2024/03/25 17:00,01F0413N,01F0376N,31,788,162
2024/03/25 17:00,01F0413N,01F0376N,32,803,47
2024/03/25 17:00,01F0413N,01F0376N,41,808,4
2024/03/25 17:00,01F0413N,01F0376N,42,858,12
2024/03/25 17:00,01F0413N,01F0376N,5,0,0
2024/03/25 17:00,01F0339S,01F0376S,31,160,330
2024/03/25 17:00,01F0339S,01F0376S,32,163,95
2024/03/25 17:00,01F0339S,01F0376S,41,188,8
2024/03/25 17:00,01F0339S,01F0376S,42,177,15
2024/03/25 17:00,01F0339S,01F0376S,5,172,11
2024/03/25 17:00,01F0467N,01F0413N,31,441,106
2024/03/25 17:00,01F0467N,01F0413N,32,442,49
2024/03/25 17:00,01F0467N,01F0413N,41,444,7
2024/03/25 17:00,01F0467N,01F0413N,42,449,6
2024/03/25 17:00,01F0467N,01F0413N,5,456,4
2024/03/25 17:00,01F0376S,01F0413S,31,196,189
2024/03/25 17:00,01F0376S,01F0413S,32,201,59
2024/03/25 17:00,01F0376S,01F0413S,41,207,5
2024/03/25 17:00,01F0376S,01F0413S,42,221,9
2024/03/25 17:00,01F0376S,01F0413S,5,208,9
2024/03/25 17:00,01F0492N,01F0467N,31,100,175
2024/03/25 17:00,01F0492N,01F0467N,32,102,85
2024/03/25 17:00,01F0492N,01F0467N,41,120,1
2024/03/25 17:00,01F0492N,01F0467N,42,111,10
2024/03/25 17:00,01F0492N,01F0467N,5,108,3
2024/03/25 17:00,01F0413S,01F0467S,31,204,178
2024/03/25 17:00,01F0413S,01F0467S,32,207,53
2024/03/25 17:00,01F0413S,01F0467S,41,226,5
2024/03/25 17:00,01F0413S,01F0467S,42,208,11
2024/03/25 17:00,01F0413S,01F0467S,5,221,6
2024/03/25 17:00,01F0511N,01F0492N,31,69,163
2024/03/25 17:00,01F0511N,01F0492N,32,69,81
2024/03/25 17:00,01F0511N,01F0492N,41,0,0
2024/03/25 17:00,01F0511N,01F0492N,42,72,14
2024/03/25 17:00,01F0511N,01F0492N,5,75,4
2024/03/25 17:00,01F0467S,01F0492S,31,94,207
2024/03/25 17:00,01F0467S,01F0492S,32,94,72
2024/03/25 17:00,01F0467S,01F0492S,41,99,5
2024/03/25 17:00,01F0467S,01F0492S,42,100,16
2024/03/25 17:00,01F0467S,01F0492S,5,104,12
2024/03/25 17:00,01F0532N,01F0511N,31,85,202
2024/03/25 17:00,01F0532N,01F0511N,32,83,64
2024/03/25 17:00,01F0532N,01F0511N,41,93,6
2024/03/25 17:00,01F0532N,01F0511N,42,92,13
2024/03/25 17:00,01F0532N,01F0511N,5,89,5
2024/03/25 17:00,03F0525S,01F0511N,31,626,13
2024/03/25 17:00,03F0525S,01F0511N,32,650,7
2024/03/25 17:00,03F0525S,01F0511N,41,0,0
2024/03/25 17:00,03F0525S,01F0511N,42,0,0
2024/03/25 17:00,03F0525S,01F0511N,5,0,0
2024/03/25 17:00,03F0559N,01F0511N,31,644,13
2024/03/25 17:00,03F0559N,01F0511N,32,745,5
2024/03/25 17:00,03F0559N,01F0511N,41,0,0
2024/03/25 17:00,03F0559N,01F0511N,42,658,3
2024/03/25 17:00,03F0559N,01F0511N,5,0,0
2024/03/25 17:00,01F0492S,01F0511S,31,83,194
2024/03/25 17:00,01F0492S,01F0511S,32,97,58
2024/03/25 17:00,01F0492S,01F0511S,41,95,4
2024/03/25 17:00,01F0492S,01F0511S,42,100,12
2024/03/25 17:00,01F0492S,01F0511S,5,102,9
2024/03/25 17:00,01F0532S,01F0532N,31,2037,12
2024/03/25 17:00,01F0532S,01F0532N,32,2132,7
2024/03/25 17:00,01F0532S,01F0532N,41,2622,1
2024/03/25 17:00,01F0532S,01F0532N,42,1412,1
2024/03/25 17:00,01F0532S,01F0532N,5,2537,1
2024/03/25 17:00,01F0557N,01F0532N,31,140,294
2024/03/25 17:00,01F0557N,01F0532N,32,148,110
2024/03/25 17:00,01F0557N,01F0532N,41,152,8
2024/03/25 17:00,01F0557N,01F0532N,42,151,23
2024/03/25 17:00,01F0557N,01F0532N,5,143,7
2024/03/25 17:00,01F0511S,01F0532S,31,86,209
2024/03/25 17:00,01F0511S,01F0532S,32,92,57
2024/03/25 17:00,01F0511S,01F0532S,41,90,3
2024/03/25 17:00,01F0511S,01F0532S,42,95,8
2024/03/25 17:00,01F0511S,01F0532S,5,97,8
2024/03/25 17:00,03F0525S,01F0532S,31,621,8
2024/03/25 17:00,03F0525S,01F0532S,32,674,9
2024/03/25 17:00,03F0525S,01F0532S,41,0,0
2024/03/25 17:00,03F0525S,01F0532S,42,0,0
2024/03/25 17:00,03F0525S,01F0532S,5,0,0
2024/03/25 17:00,03F0559N,01F0532S,31,0,0
2024/03/25 17:00,03F0559N,01F0532S,32,0,0
2024/03/25 17:00,03F0559N,01F0532S,41,0,0
2024/03/25 17:00,03F0559N,01F0532S,42,0,0
2024/03/25 17:00,03F0559N,01F0532S,5,3364,1
2024/03/25 17:00,01F0584N,01F0557N,31,115,200
2024/03/25 17:00,01F0584N,01F0557N,32,119,65
2024/03/25 17:00,01F0584N,01F0557N,41,124,8
2024/03/25 17:00,01F0584N,01F0557N,42,122,16
2024/03/25 17:00,01F0584N,01F0557N,5,124,5
2024/03/25 17:00,01F0532S,01F0557S,31,108,246
2024/03/25 17:00,01F0532S,01F0557S,32,114,91
2024/03/25 17:00,01F0532S,01F0557S,41,117,3
2024/03/25 17:00,01F0532S,01F0557S,42,119,15
2024/03/25 17:00,01F0532S,01F0557S,5,119,8
2024/03/25 17:00,01F0557N,01F0557S,31,2133,12
2024/03/25 17:00,01F0557N,01F0557S,32,2472,4
2024/03/25 17:00,01F0557N,01F0557S,41,1919,1
2024/03/25 17:00,01F0557N,01F0557S,42,2572,1
2024/03/25 17:00,01F0557N,01F0557S,5,3176,1
2024/03/25 17:00,01F0557S,01F0578S,31,200,148
2024/03/25 17:00,01F0557S,01F0578S,32,206,55
2024/03/25 17:00,01F0557S,01F0578S,41,211,4
2024/03/25 17:00,01F0557S,01F0578S,42,213,12
2024/03/25 17:00,01F0557S,01F0578S,5,209,10
2024/03/25 17:00,01F0633N,01F0584N,31,289,159
2024/03/25 17:00,01F0633N,01F0584N,32,300,63
2024/03/25 17:00,01F0633N,01F0584N,41,329,2
2024/03/25 17:00,01F0633N,01F0584N,42,317,16
2024/03/25 17:00,01F0633N,01F0584N,5,306,5
2024/03/25 17:00,01H0608N,01F0584N,31,118,75
2024/03/25 17:00,01H0608N,01F0584N,32,124,31
2024/03/25 17:00,01H0608N,01F0584N,41,144,1
2024/03/25 17:00,01H0608N,01F0584N,42,0,0
2024/03/25 17:00,01H0608N,01F0584N,5,0,0
2024/03/25 17:00,01F0664N,01F0633N,31,118,155
2024/03/25 17:00,01F0664N,01F0633N,32,116,34
2024/03/25 17:00,01F0664N,01F0633N,41,135,4
2024/03/25 17:00,01F0664N,01F0633N,42,125,20
2024/03/25 17:00,01F0664N,01F0633N,5,129,7
2024/03/25 17:00,01F0578S,01F0633S,31,388,112
2024/03/25 17:00,01F0578S,01F0633S,32,389,35
2024/03/25 17:00,01F0578S,01F0633S,41,0,0
2024/03/25 17:00,01F0578S,01F0633S,42,413,24
2024/03/25 17:00,01F0578S,01F0633S,5,416,18
2024/03/25 17:00,01H0579S,01F0633S,31,332,37
2024/03/25 17:00,01H0579S,01F0633S,32,334,20
2024/03/25 17:00,01H0579S,01F0633S,41,0,0
2024/03/25 17:00,01H0579S,01F0633S,42,0,0
2024/03/25 17:00,01H0579S,01F0633S,5,0,0
2024/03/25 17:00,01F0681N,01F0664N,31,77,228
2024/03/25 17:00,01F0681N,01F0664N,32,76,65
2024/03/25 17:00,01F0681N,01F0664N,41,92,13
2024/03/25 17:00,01F0681N,01F0664N,42,83,17
2024/03/25 17:00,01F0681N,01F0664N,5,100,11
2024/03/25 17:00,01F0633S,01F0664S,31,119,106
2024/03/25 17:00,01F0633S,01F0664S,32,121,36
2024/03/25 17:00,01F0633S,01F0664S,41,138,3
2024/03/25 17:00,01F0633S,01F0664S,42,144,17
2024/03/25 17:00,01F0633S,01F0664S,5,133,13
2024/03/25 17:00,01F0699N,01F0681N,31,69,136
2024/03/25 17:00,01F0699N,01F0681N,32,69,65
2024/03/25 17:00,01F0699N,01F0681N,41,75,7
2024/03/25 17:00,01F0699N,01F0681N,42,76,20
2024/03/25 17:00,01F0699N,01F0681N,5,74,7
2024/03/25 17:00,01F0664S,01F0681S,31,63,150
2024/03/25 17:00,01F0664S,01F0681S,32,67,45
2024/03/25 17:00,01F0664S,01F0681S,41,68,1
2024/03/25 17:00,01F0664S,01F0681S,42,72,15
2024/03/25 17:00,01F0664S,01F0681S,5,69,9
2024/03/25 17:00,01F0750N,01F0699N,31,194,150
2024/03/25 17:00,01F0750N,01F0699N,32,193,76
2024/03/25 17:00,01F0750N,01F0699N,41,204,9
2024/03/25 17:00,01F0750N,01F0699N,42,218,13
2024/03/25 17:00,01F0750N,01F0699N,5,213,5
2024/03/25 17:00,01F0681S,01F0699S,31,67,82
2024/03/25 17:00,01F0681S,01F0699S,32,71,19
2024/03/25 17:00,01F0681S,01F0699S,41,73,1
2024/03/25 17:00,01F0681S,01F0699S,42,76,11
2024/03/25 17:00,01F0681S,01F0699S,5,78,10
2024/03/25 17:00,01F0880N,01F0750N,31,648,230
2024/03/25 17:00,01F0880N,01F0750N,32,655,77
2024/03/25 17:00,01F0880N,01F0750N,41,685,8
2024/03/25 17:00,01F0880N,01F0750N,42,666,16
2024/03/25 17:00,01F0880N,01F0750N,5,713,3
2024/03/25 17:00,01F0699S,01F0750S,31,185,107
2024/03/25 17:00,01F0699S,01F0750S,32,187,32
2024/03/25 17:00,01F0699S,01F0750S,41,206,2
2024/03/25 17:00,01F0699S,01F0750S,42,211,14
2024/03/25 17:00,01F0699S,01F0750S,5,208,12
2024/03/25 17:00,01H0610S,01F0750S,31,524,125
2024/03/25 17:00,01H0610S,01F0750S,32,531,28
2024/03/25 17:00,01H0610S,01F0750S,41,544,4
2024/03/25 17:00,01H0610S,01F0750S,42,591,2
2024/03/25 17:00,01H0610S,01F0750S,5,0,0
2024/03/25 17:00,01F0928N,01F0880N,31,209,237
2024/03/25 17:00,01F0928N,01F0880N,32,209,81
2024/03/25 17:00,01F0928N,01F0880N,41,214,7
2024/03/25 17:00,01F0928N,01F0880N,42,218,11
2024/03/25 17:00,01F0928N,01F0880N,5,243,6
2024/03/25 17:00,01F0750S,01F0880S,31,482,186
2024/03/25 17:00,01F0750S,01F0880S,32,488,56
2024/03/25 17:00,01F0750S,01F0880S,41,511,7
2024/03/25 17:00,01F0750S,01F0880S,42,531,16
2024/03/25 17:00,01F0750S,01F0880S,5,554,13
2024/03/25 17:00,01F0956N,01F0928N,31,290,154
2024/03/25 17:00,01F0956N,01F0928N,32,290,42
2024/03/25 17:00,01F0956N,01F0928N,41,309,4
2024/03/25 17:00,01F0956N,01F0928N,42,314,9
2024/03/25 17:00,01F0956N,01F0928N,5,305,4
2024/03/25 17:00,01F0880S,01F0928S,31,191,195
2024/03/25 17:00,01F0880S,01F0928S,32,193,72
2024/03/25 17:00,01F0880S,01F0928S,41,203,8
2024/03/25 17:00,01F0880S,01F0928S,42,216,16
2024/03/25 17:00,01F0880S,01F0928S,5,220,21
2024/03/25 17:00,01F0928S,01F0950S,31,85,157
2024/03/25 17:00,01F0928S,01F0950S,32,87,61
2024/03/25 17:00,01F0928S,01F0950S,41,88,8
2024/03/25 17:00,01F0928S,01F0950S,42,96,12
2024/03/25 17:00,01F0928S,01F0950S,5,102,13
2024/03/25 17:00,01F0979N,01F0956N,31,91,147
2024/03/25 17:00,01F0979N,01F0956N,32,91,34
2024/03/25 17:00,01F0979N,01F0956N,41,101,11
2024/03/25 17:00,01F0979N,01F0956N,42,103,12
2024/03/25 17:00,01F0979N,01F0956N,5,102,10
2024/03/25 17:00,01F1045N,01F0979N,31,237,145
2024/03/25 17:00,01F1045N,01F0979N,32,242,32
2024/03/25 17:00,01F1045N,01F0979N,41,251,6
2024/03/25 17:00,01F1045N,01F0979N,42,268,10
2024/03/25 17:00,01F1045N,01F0979N,5,274,5
2024/03/25 17:00,03F0996S,01F0979N,31,92,16
2024/03/25 17:00,03F0996S,01F0979N,32,95,8
2024/03/25 17:00,03F0996S,01F0979N,41,0,0
2024/03/25 17:00,03F0996S,01F0979N,42,98,7
2024/03/25 17:00,03F0996S,01F0979N,5,0,0
2024/03/25 17:00,03F1022N,01F0979N,31,144,92
2024/03/25 17:00,03F1022N,01F0979N,32,154,26
2024/03/25 17:00,03F1022N,01F0979N,41,147,5
2024/03/25 17:00,03F1022N,01F0979N,42,157,5
2024/03/25 17:00,03F1022N,01F0979N,5,154,6
2024/03/25 17:00,01F0950S,01F0980S,31,114,159
2024/03/25 17:00,01F0950S,01F0980S,32,117,57
2024/03/25 17:00,01F0950S,01F0980S,41,124,9
2024/03/25 17:00,01F0950S,01F0980S,42,135,18
2024/03/25 17:00,01F0950S,01F0980S,5,148,6
2024/03/25 17:00,01F1123N,01F1045N,31,270,134
2024/03/25 17:00,01F1123N,01F1045N,32,273,56
2024/03/25 17:00,01F1123N,01F1045N,41,291,2
2024/03/25 17:00,01F1123N,01F1045N,42,333,6
2024/03/25 17:00,01F1123N,01F1045N,5,314,3
2024/03/25 17:00,01F0980S,01F1045S,31,232,153
2024/03/25 17:00,01F0980S,01F1045S,32,236,44
2024/03/25 17:00,01F0980S,01F1045S,41,240,4
2024/03/25 17:00,01F0980S,01F1045S,42,235,3
2024/03/25 17:00,01F0980S,01F1045S,5,270,1
2024/03/25 17:00,03F0996S,01F1045S,31,243,47
2024/03/25 17:00,03F0996S,01F1045S,32,257,8
2024/03/25 17:00,03F0996S,01F1045S,41,0,0
2024/03/25 17:00,03F0996S,01F1045S,42,289,4
2024/03/25 17:00,03F0996S,01F1045S,5,285,2
2024/03/25 17:00,03F1022N,01F1045S,31,250,4
2024/03/25 17:00,03F1022N,01F1045S,32,1528,2
2024/03/25 17:00,03F1022N,01F1045S,41,0,0
2024/03/25 17:00,03F1022N,01F1045S,42,0,0
2024/03/25 17:00,03F1022N,01F1045S,5,1920,1
2024/03/25 17:00,01F1292N,01F1123N,31,584,136
2024/03/25 17:00,01F1292N,01F1123N,32,582,46
2024/03/25 17:00,01F1292N,01F1123N,41,634,5
2024/03/25 17:00,01F1292N,01F1123N,42,675,9
2024/03/25 17:00,01F1292N,01F1123N,5,674,6
2024/03/25 17:00,01F1045S,01F1123S,31,270,137
2024/03/25 17:00,01F1045S,01F1123S,32,277,51
2024/03/25 17:00,01F1045S,01F1123S,41,287,7
2024/03/25 17:00,01F1045S,01F1123S,42,298,6
2024/03/25 17:00,01F1045S,01F1123S,5,340,3
2024/03/25 17:00,01F1389N,01F1292N,31,326,120
2024/03/25 17:00,01F1389N,01F1292N,32,336,39
2024/03/25 17:00,01F1389N,01F1292N,41,361,4
2024/03/25 17:00,01F1389N,01F1292N,42,343,14
2024/03/25 17:00,01F1389N,01F1292N,5,387,5
2024/03/25 17:00,01F1123S,01F1292S,31,595,140
2024/03/25 17:00,01F1123S,01F1292S,32,617,49
2024/03/25 17:00,01F1123S,01F1292S,41,630,7
2024/03/25 17:00,01F1123S,01F1292S,42,641,5
2024/03/25 17:00,01F1123S,01F1292S,5,714,6
2024/03/25 17:00,01F1465N,01F1389N,31,261,161
2024/03/25 17:00,01F1465N,01F1389N,32,267,51
2024/03/25 17:00,01F1465N,01F1389N,41,274,2
2024/03/25 17:00,01F1465N,01F1389N,42,286,16
2024/03/25 17:00,01F1465N,01F1389N,5,285,7
2024/03/25 17:00,01F1292S,01F1389S,31,334,121
2024/03/25 17:00,01F1292S,01F1389S,32,343,41
2024/03/25 17:00,01F1292S,01F1389S,41,365,8
2024/03/25 17:00,01F1292S,01F1389S,42,378,7
2024/03/25 17:00,01F1292S,01F1389S,5,374,3
2024/03/25 17:00,01F1572N,01F1465N,31,373,147
2024/03/25 17:00,01F1572N,01F1465N,32,381,41
2024/03/25 17:00,01F1572N,01F1465N,41,412,7
2024/03/25 17:00,01F1572N,01F1465N,42,460,9
2024/03/25 17:00,01F1572N,01F1465N,5,464,7
2024/03/25 17:00,01F1389S,01F1465S,31,262,120
2024/03/25 17:00,01F1389S,01F1465S,32,270,47
2024/03/25 17:00,01F1389S,01F1465S,41,278,3
2024/03/25 17:00,01F1389S,01F1465S,42,286,9
2024/03/25 17:00,01F1389S,01F1465S,5,332,5
2024/03/25 17:00,01F1621N,01F1572N,31,166,145
2024/03/25 17:00,01F1621N,01F1572N,32,169,41
2024/03/25 17:00,01F1621N,01F1572N,41,195,6
2024/03/25 17:00,01F1621N,01F1572N,42,192,17
2024/03/25 17:00,01F1621N,01F1572N,5,201,3
2024/03/25 17:00,01F1465S,01F1572S,31,381,130
2024/03/25 17:00,01F1465S,01F1572S,32,391,52
2024/03/25 17:00,01F1465S,01F1572S,41,445,4
2024/03/25 17:00,01F1465S,01F1572S,42,420,8
2024/03/25 17:00,01F1465S,01F1572S,5,428,7
2024/03/25 17:00,01F1664N,01F1621N,31,149,148
2024/03/25 17:00,01F1664N,01F1621N,32,150,56
2024/03/25 17:00,01F1664N,01F1621N,41,164,6
2024/03/25 17:00,01F1664N,01F1621N,42,183,7
2024/03/25 17:00,01F1664N,01F1621N,5,195,5
2024/03/25 17:00,03F1651S,01F1621N,31,0,0
2024/03/25 17:00,03F1651S,01F1621N,32,0,0
2024/03/25 17:00,03F1651S,01F1621N,41,0,0
2024/03/25 17:00,03F1651S,01F1621N,42,0,0
2024/03/25 17:00,03F1651S,01F1621N,5,0,0
2024/03/25 17:00,03F1710N,01F1621N,31,658,3
2024/03/25 17:00,03F1710N,01F1621N,32,571,1
2024/03/25 17:00,03F1710N,01F1621N,41,0,0
2024/03/25 17:00,03F1710N,01F1621N,42,0,0
2024/03/25 17:00,03F1710N,01F1621N,5,0,0
2024/03/25 17:00,01F1572S,01F1621S,31,168,147
2024/03/25 17:00,01F1572S,01F1621S,32,173,65
2024/03/25 17:00,01F1572S,01F1621S,41,181,3
2024/03/25 17:00,01F1572S,01F1621S,42,201,9
2024/03/25 17:00,01F1572S,01F1621S,5,196,4
2024/03/25 17:00,01F1699N,01F1664N,31,128,206
2024/03/25 17:00,01F1699N,01F1664N,32,134,64
2024/03/25 17:00,01F1699N,01F1664N,41,132,6
2024/03/25 17:00,01F1699N,01F1664N,42,136,13
2024/03/25 17:00,01F1699N,01F1664N,5,150,5
2024/03/25 17:00,01F1621S,01F1664S,31,152,131
2024/03/25 17:00,01F1621S,01F1664S,32,152,50
2024/03/25 17:00,01F1621S,01F1664S,41,166,3
2024/03/25 17:00,01F1621S,01F1664S,42,220,8
2024/03/25 17:00,01F1621S,01F1664S,5,225,1
2024/03/25 17:00,03F1651S,01F1664S,31,560,28
2024/03/25 17:00,03F1651S,01F1664S,32,547,11
2024/03/25 17:00,03F1651S,01F1664S,41,623,1
2024/03/25 17:00,03F1651S,01F1664S,42,649,3
2024/03/25 17:00,03F1651S,01F1664S,5,0,0
2024/03/25 17:00,03F1710N,01F1664S,31,478,6
2024/03/25 17:00,03F1710N,01F1664S,32,520,2
2024/03/25 17:00,03F1710N,01F1664S,41,0,0
2024/03/25 17:00,03F1710N,01F1664S,42,545,2
2024/03/25 17:00,03F1710N,01F1664S,5,0,0
2024/03/25 17:00,01F1774N,01F1699N,31,276,172
2024/03/25 17:00,01F1774N,01F1699N,32,280,61
2024/03/25 17:00,01F1774N,01F1699N,41,305,6
2024/03/25 17:00,01F1774N,01F1699N,42,302,15
2024/03/25 17:00,01F1774N,01F1699N,5,301,5
2024/03/25 17:00,01F1664S,01F1699S,31,134,196
2024/03/25 17:00,01F1664S,01F1699S,32,131,48
2024/03/25 17:00,01F1664S,01F1699S,41,139,3
2024/03/25 17:00,01F1664S,01F1699S,42,143,19
2024/03/25 17:00,01F1664S,01F1699S,5,145,5
2024/03/25 17:00,01F1802N,01F1774N,31,104,161
2024/03/25 17:00,01F1802N,01F1774N,32,108,77
2024/03/25 17:00,01F1802N,01F1774N,41,114,4
2024/03/25 17:00,01F1802N,01F1774N,42,113,17
2024/03/25 17:00,01F1802N,01F1774N,5,116,6
2024/03/25 17:00,01F1699S,01F1774S,31,277,160
2024/03/25 17:00,01F1699S,01F1774S,32,285,58
2024/03/25 17:00,01F1699S,01F1774S,41,300,5
2024/03/25 17:00,01F1699S,01F1774S,42,305,12
2024/03/25 17:00,01F1699S,01F1774S,5,310,4
2024/03/25 17:00,01F1839N,01F1802N,31,138,197
2024/03/25 17:00,01F1839N,01F1802N,32,143,83
2024/03/25 17:00,01F1839N,01F1802N,41,147,6
2024/03/25 17:00,01F1839N,01F1802N,42,151,14
2024/03/25 17:00,01F1839N,01F1802N,5,153,7
2024/03/25 17:00,01F1774S,01F1802S,31,93,129
2024/03/25 17:00,01F1774S,01F1802S,32,98,44
2024/03/25 17:00,01F1774S,01F1802S,41,109,2
2024/03/25 17:00,01F1774S,01F1802S,42,104,11
2024/03/25 17:00,01F1774S,01F1802S,5,111,3
2024/03/25 17:00,01F1906N,01F1839N,31,239,223
2024/03/25 17:00,01F1906N,01F1839N,32,239,75
2024/03/25 17:00,01F1906N,01F1839N,41,255,4
2024/03/25 17:00,01F1906N,01F1839N,42,258,13
2024/03/25 17:00,01F1906N,01F1839N,5,263,8
2024/03/25 17:00,01F1802S,01F1839S,31,120,137
2024/03/25 17:00,01F1802S,01F1839S,32,127,44
2024/03/25 17:00,01F1802S,01F1839S,41,132,2
2024/03/25 17:00,01F1802S,01F1839S,42,132,9
2024/03/25 17:00,01F1802S,01F1839S,5,142,1
2024/03/25 17:00,01F1960N,01F1906N,31,184,175
2024/03/25 17:00,01F1960N,01F1906N,32,184,55
2024/03/25 17:00,01F1960N,01F1906N,41,201,7
2024/03/25 17:00,01F1960N,01F1906N,42,199,17
2024/03/25 17:00,01F1960N,01F1906N,5,200,6
2024/03/25 17:00,03F1944S,01F1906N,31,220,11
2024/03/25 17:00,03F1944S,01F1906N,32,245,9
2024/03/25 17:00,03F1944S,01F1906N,41,0,0
2024/03/25 17:00,03F1944S,01F1906N,42,0,0
2024/03/25 17:00,03F1944S,01F1906N,5,0,0
2024/03/25 17:00,03F1992N,01F1906N,31,232,10
2024/03/25 17:00,03F1992N,01F1906N,32,233,6
2024/03/25 17:00,03F1992N,01F1906N,41,0,0
2024/03/25 17:00,03F1992N,01F1906N,42,241,1
2024/03/25 17:00,03F1992N,01F1906N,5,0,0
2024/03/25 17:00,01F1839S,01F1906S,31,228,127
2024/03/25 17:00,01F1839S,01F1906S,32,234,54
2024/03/25 17:00,01F1839S,01F1906S,41,257,3
2024/03/25 17:00,01F1839S,01F1906S,42,253,9
2024/03/25 17:00,01F1839S,01F1906S,5,267,3
2024/03/25 17:00,01F2011N,01F1960N,31,187,203
2024/03/25 17:00,01F2011N,01F1960N,32,191,78
2024/03/25 17:00,01F2011N,01F1960N,41,188,4
2024/03/25 17:00,01F2011N,01F1960N,42,204,18
2024/03/25 17:00,01F2011N,01F1960N,5,204,14
2024/03/25 17:00,01F1906S,01F1960S,31,184,142
2024/03/25 17:00,01F1906S,01F1960S,32,192,57
2024/03/25 17:00,01F1906S,01F1960S,41,202,1
2024/03/25 17:00,01F1906S,01F1960S,42,208,13
2024/03/25 17:00,01F1906S,01F1960S,5,225,4
2024/03/25 17:00,03F1944S,01F1960S,31,324,56
2024/03/25 17:00,03F1944S,01F1960S,32,324,36
2024/03/25 17:00,03F1944S,01F1960S,41,340,2
2024/03/25 17:00,03F1944S,01F1960S,42,339,9
2024/03/25 17:00,03F1944S,01F1960S,5,349,18
2024/03/25 17:00,03F1992N,01F1960S,31,343,38
2024/03/25 17:00,03F1992N,01F1960S,32,339,7
2024/03/25 17:00,03F1992N,01F1960S,41,0,0
2024/03/25 17:00,03F1992N,01F1960S,42,358,6
2024/03/25 17:00,03F1992N,01F1960S,5,347,1
2024/03/25 17:00,01F2089N,01F2011N,31,291,226
2024/03/25 17:00,01F2089N,01F2011N,32,296,89
2024/03/25 17:00,01F2089N,01F2011N,41,314,4
2024/03/25 17:00,01F2089N,01F2011N,42,315,20
2024/03/25 17:00,01F2089N,01F2011N,5,345,13
2024/03/25 17:00,01F1960S,01F2011S,31,177,146
2024/03/25 17:00,01F1960S,01F2011S,32,183,66
2024/03/25 17:00,01F1960S,01F2011S,41,179,1
2024/03/25 17:00,01F1960S,01F2011S,42,196,33
2024/03/25 17:00,01F1960S,01F2011S,5,203,23
2024/03/25 17:00,01F2156N,01F2089N,31,233,171
2024/03/25 17:00,01F2156N,01F2089N,32,236,62
2024/03/25 17:00,01F2156N,01F2089N,41,237,3
2024/03/25 17:00,01F2156N,01F2089N,42,252,18
2024/03/25 17:00,01F2156N,01F2089N,5,278,20
2024/03/25 17:00,01F2011S,01F2089S,31,268,140
2024/03/25 17:00,01F2011S,01F2089S,32,269,46
2024/03/25 17:00,01F2011S,01F2089S,41,299,9
2024/03/25 17:00,01F2011S,01F2089S,42,296,19
2024/03/25 17:00,01F2011S,01F2089S,5,310,21
2024/03/25 17:00,01F2249N,01F2156N,31,316,163
2024/03/25 17:00,01F2249N,01F2156N,32,324,62
2024/03/25 17:00,01F2249N,01F2156N,41,366,3
2024/03/25 17:00,01F2249N,01F2156N,42,414,12
2024/03/25 17:00,01F2249N,01F2156N,5,428,19
2024/03/25 17:00,01F2089S,01F2156S,31,238,155
2024/03/25 17:00,01F2089S,01F2156S,32,243,84
2024/03/25 17:00,01F2089S,01F2156S,41,257,2
2024/03/25 17:00,01F2089S,01F2156S,42,273,25
2024/03/25 17:00,01F2089S,01F2156S,5,286,29
2024/03/25 17:00,01F2322N,01F2249N,31,258,153
2024/03/25 17:00,01F2322N,01F2249N,32,263,60
2024/03/25 17:00,01F2322N,01F2249N,41,649,2
2024/03/25 17:00,01F2322N,01F2249N,42,303,17
2024/03/25 17:00,01F2322N,01F2249N,5,303,13
2024/03/25 17:00,01F2156S,01F2249S,31,303,107
2024/03/25 17:00,01F2156S,01F2249S,32,310,48
2024/03/25 17:00,01F2156S,01F2249S,41,314,1
2024/03/25 17:00,01F2156S,01F2249S,42,373,12
2024/03/25 17:00,01F2156S,01F2249S,5,363,14
2024/03/25 17:00,01F2394N,01F2322N,31,249,168
2024/03/25 17:00,01F2394N,01F2322N,32,256,62
2024/03/25 17:00,01F2394N,01F2322N,41,269,4
2024/03/25 17:00,01F2394N,01F2322N,42,285,18
2024/03/25 17:00,01F2394N,01F2322N,5,295,14
2024/03/25 17:00,01F2249S,01F2322S,31,245,119
2024/03/25 17:00,01F2249S,01F2322S,32,246,55
2024/03/25 17:00,01F2249S,01F2322S,41,291,2
2024/03/25 17:00,01F2249S,01F2322S,42,277,14
2024/03/25 17:00,01F2249S,01F2322S,5,314,21
2024/03/25 17:00,01F2425N,01F2394N,31,104,146
2024/03/25 17:00,01F2425N,01F2394N,32,105,63
2024/03/25 17:00,01F2425N,01F2394N,41,121,3
2024/03/25 17:00,01F2425N,01F2394N,42,116,12
2024/03/25 17:00,01F2425N,01F2394N,5,121,15
2024/03/25 17:00,01F2322S,01F2394S,31,240,113
2024/03/25 17:00,01F2322S,01F2394S,32,246,60
2024/03/25 17:00,01F2322S,01F2394S,41,273,10
2024/03/25 17:00,01F2322S,01F2394S,42,275,22
2024/03/25 17:00,01F2322S,01F2394S,5,292,24
2024/03/25 17:00,01F2472N,01F2425N,31,158,121
2024/03/25 17:00,01F2472N,01F2425N,32,160,67
2024/03/25 17:00,01F2472N,01F2425N,41,199,5
2024/03/25 17:00,01F2472N,01F2425N,42,199,22
2024/03/25 17:00,01F2472N,01F2425N,5,228,15
2024/03/25 17:00,01F2394S,01F2425S,31,104,115
2024/03/25 17:00,01F2394S,01F2425S,32,105,55
2024/03/25 17:00,01F2394S,01F2425S,41,113,9
2024/03/25 17:00,01F2394S,01F2425S,42,118,25
2024/03/25 17:00,01F2394S,01F2425S,5,121,21
2024/03/25 17:00,01F2514N,01F2472N,31,143,141
2024/03/25 17:00,01F2514N,01F2472N,32,144,62
2024/03/25 17:00,01F2514N,01F2472N,41,154,7
2024/03/25 17:00,01F2514N,01F2472N,42,167,18
2024/03/25 17:00,01F2514N,01F2472N,5,177,21
2024/03/25 17:00,01F2425S,01F2472S,31,153,101
2024/03/25 17:00,01F2425S,01F2472S,32,157,52
2024/03/25 17:00,01F2425S,01F2472S,41,164,7
2024/03/25 17:00,01F2425S,01F2472S,42,176,19
2024/03/25 17:00,01F2425S,01F2472S,5,187,20
2024/03/25 17:00,01F2603N,01F2514N,31,293,137
2024/03/25 17:00,01F2603N,01F2514N,32,301,51
2024/03/25 17:00,01F2603N,01F2514N,41,325,3
2024/03/25 17:00,01F2603N,01F2514N,42,335,12
2024/03/25 17:00,01F2603N,01F2514N,5,356,22
2024/03/25 17:00,01F2472S,01F2514S,31,144,123
2024/03/25 17:00,01F2472S,01F2514S,32,144,54
2024/03/25 17:00,01F2472S,01F2514S,41,151,9
2024/03/25 17:00,01F2472S,01F2514S,42,166,15
2024/03/25 17:00,01F2472S,01F2514S,5,170,16
2024/03/25 17:00,01F2674N,01F2603N,31,236,108
2024/03/25 17:00,01F2674N,01F2603N,32,243,45
2024/03/25 17:00,01F2674N,01F2603N,41,270,3
2024/03/25 17:00,01F2674N,01F2603N,42,274,17
2024/03/25 17:00,01F2674N,01F2603N,5,307,16
2024/03/25 17:00,01F2514S,01F2603S,31,299,120
2024/03/25 17:00,01F2514S,01F2603S,32,300,57
2024/03/25 17:00,01F2514S,01F2603S,41,341,1
2024/03/25 17:00,01F2514S,01F2603S,42,341,22
2024/03/25 17:00,01F2514S,01F2603S,5,372,20
2024/03/25 17:00,01F2714N,01F2674N,31,133,129
2024/03/25 17:00,01F2714N,01F2674N,32,135,46
2024/03/25 17:00,01F2714N,01F2674N,41,157,2
2024/03/25 17:00,01F2714N,01F2674N,42,158,22
2024/03/25 17:00,01F2714N,01F2674N,5,170,9
2024/03/25 17:00,01F2603S,01F2674S,31,241,104
2024/03/25 17:00,01F2603S,01F2674S,32,235,49
2024/03/25 17:00,01F2603S,01F2674S,41,259,6
2024/03/25 17:00,01F2603S,01F2674S,42,259,14
2024/03/25 17:00,01F2603S,01F2674S,5,299,11
2024/03/25 17:00,01F2827N,01F2714N,31,363,98
2024/03/25 17:00,01F2827N,01F2714N,32,368,34
2024/03/25 17:00,01F2827N,01F2714N,41,503,1
2024/03/25 17:00,01F2827N,01F2714N,42,508,14
2024/03/25 17:00,01F2827N,01F2714N,5,562,15
2024/03/25 17:00,01F2674S,01F2714S,31,131,98
2024/03/25 17:00,01F2674S,01F2714S,32,136,40
2024/03/25 17:00,01F2674S,01F2714S,41,153,4
2024/03/25 17:00,01F2674S,01F2714S,42,149,21
2024/03/25 17:00,01F2674S,01F2714S,5,171,14
2024/03/25 17:00,01F2866N,01F2827N,31,130,127
2024/03/25 17:00,01F2866N,01F2827N,32,132,50
2024/03/25 17:00,01F2866N,01F2827N,41,150,1
2024/03/25 17:00,01F2866N,01F2827N,42,151,19
2024/03/25 17:00,01F2866N,01F2827N,5,164,21
2024/03/25 17:00,01F2714S,01F2827S,31,376,103
2024/03/25 17:00,01F2714S,01F2827S,32,382,37
2024/03/25 17:00,01F2714S,01F2827S,41,396,4
2024/03/25 17:00,01F2714S,01F2827S,42,423,17
2024/03/25 17:00,01F2714S,01F2827S,5,459,13
2024/03/25 17:00,01F2930N,01F2866N,31,209,97
2024/03/25 17:00,01F2930N,01F2866N,32,215,43
2024/03/25 17:00,01F2930N,01F2866N,41,236,3
2024/03/25 17:00,01F2930N,01F2866N,42,256,19
2024/03/25 17:00,01F2930N,01F2866N,5,257,14
2024/03/25 17:00,01F2827S,01F2866S,31,131,105
2024/03/25 17:00,01F2827S,01F2866S,32,133,45
2024/03/25 17:00,01F2827S,01F2866S,41,142,4
2024/03/25 17:00,01F2827S,01F2866S,42,153,14
2024/03/25 17:00,01F2827S,01F2866S,5,168,15
2024/03/25 17:00,01F3019N,01F2930N,31,298,139
2024/03/25 17:00,01F3019N,01F2930N,32,302,51
2024/03/25 17:00,01F3019N,01F2930N,41,335,5
2024/03/25 17:00,01F3019N,01F2930N,42,338,16
2024/03/25 17:00,01F3019N,01F2930N,5,385,16
2024/03/25 17:00,01F2866S,01F2930S,31,208,96
2024/03/25 17:00,01F2866S,01F2930S,32,215,33
2024/03/25 17:00,01F2866S,01F2930S,41,0,0
2024/03/25 17:00,01F2866S,01F2930S,42,252,16
2024/03/25 17:00,01F2866S,01F2930S,5,263,10
2024/03/25 17:00,01F3083N,01F3019N,31,212,117
2024/03/25 17:00,01F3083N,01F3019N,32,213,42
2024/03/25 17:00,01F3083N,01F3019N,41,731,3
2024/03/25 17:00,01F3083N,01F3019N,42,250,21
2024/03/25 17:00,01F3083N,01F3019N,5,266,23
2024/03/25 17:00,01F2930S,01F3019S,31,306,128
2024/03/25 17:00,01F2930S,01F3019S,32,314,60
2024/03/25 17:00,01F2930S,01F3019S,41,329,4
2024/03/25 17:00,01F2930S,01F3019S,42,325,10
2024/03/25 17:00,01F2930S,01F3019S,5,374,18
2024/03/25 17:00,01F3126N,01F3083N,31,150,149
2024/03/25 17:00,01F3126N,01F3083N,32,153,64
2024/03/25 17:00,01F3126N,01F3083N,41,163,3
2024/03/25 17:00,01F3126N,01F3083N,42,169,14
2024/03/25 17:00,01F3126N,01F3083N,5,179,23
2024/03/25 17:00,01F3019S,01F3083S,31,215,121
2024/03/25 17:00,01F3019S,01F3083S,32,219,67
2024/03/25 17:00,01F3019S,01F3083S,41,243,6
2024/03/25 17:00,01F3019S,01F3083S,42,240,16
2024/03/25 17:00,01F3019S,01F3083S,5,262,15
2024/03/25 17:00,01F3185N,01F3126N,31,209,153
2024/03/25 17:00,01F3185N,01F3126N,32,208,50
2024/03/25 17:00,01F3185N,01F3126N,41,226,3
2024/03/25 17:00,01F3185N,01F3126N,42,225,11
2024/03/25 17:00,01F3185N,01F3126N,5,264,17
2024/03/25 17:00,03F3445S,01F3126N,31,0,0
2024/03/25 17:00,03F3445S,01F3126N,32,0,0
2024/03/25 17:00,03F3445S,01F3126N,41,0,0
2024/03/25 17:00,03F3445S,01F3126N,42,0,0
2024/03/25 17:00,03F3445S,01F3126N,5,0,0
2024/03/25 17:00,03F3496N,01F3126N,31,628,6
2024/03/25 17:00,03F3496N,01F3126N,32,683,3
2024/03/25 17:00,03F3496N,01F3126N,41,0,0
2024/03/25 17:00,03F3496N,01F3126N,42,636,2
2024/03/25 17:00,03F3496N,01F3126N,5,677,2
2024/03/25 17:00,01F3083S,01F3126S,31,149,171
2024/03/25 17:00,01F3083S,01F3126S,32,154,80
2024/03/25 17:00,01F3083S,01F3126S,41,146,5
2024/03/25 17:00,01F3083S,01F3126S,42,167,15
2024/03/25 17:00,01F3083S,01F3126S,5,172,19
2024/03/25 17:00,01F3227N,01F3185N,31,157,169
2024/03/25 17:00,01F3227N,01F3185N,32,158,78
2024/03/25 17:00,01F3227N,01F3185N,41,165,3
2024/03/25 17:00,01F3227N,01F3185N,42,167,18
2024/03/25 17:00,01F3227N,01F3185N,5,187,29
2024/03/25 17:00,01F3126S,01F3185S,31,288,163
2024/03/25 17:00,01F3126S,01F3185S,32,291,61
2024/03/25 17:00,01F3126S,01F3185S,41,291,2
2024/03/25 17:00,01F3126S,01F3185S,42,313,14
2024/03/25 17:00,01F3126S,01F3185S,5,310,16
2024/03/25 17:00,03F3445S,01F3185S,31,1136,19
2024/03/25 17:00,03F3445S,01F3185S,32,1111,5
2024/03/25 17:00,03F3445S,01F3185S,41,0,0
2024/03/25 17:00,03F3445S,01F3185S,42,0,0
2024/03/25 17:00,03F3445S,01F3185S,5,0,0
2024/03/25 17:00,03F3496N,01F3185S,31,0,0
2024/03/25 17:00,03F3496N,01F3185S,32,1160,1
2024/03/25 17:00,03F3496N,01F3185S,41,0,0
2024/03/25 17:00,03F3496N,01F3185S,42,0,0
2024/03/25 17:00,03F3496N,01F3185S,5,1151,1
2024/03/25 17:00,01F3252N,01F3227N,31,92,167
2024/03/25 17:00,01F3252N,01F3227N,32,95,73
2024/03/25 17:00,01F3252N,01F3227N,41,104,3
2024/03/25 17:00,01F3252N,01F3227N,42,101,10
2024/03/25 17:00,01F3252N,01F3227N,5,103,28
2024/03/25 17:00,01F3185S,01F3227S,31,173,209
2024/03/25 17:00,01F3185S,01F3227S,32,175,88
2024/03/25 17:00,01F3185S,01F3227S,41,175,2
2024/03/25 17:00,01F3185S,01F3227S,42,185,14
2024/03/25 17:00,01F3185S,01F3227S,5,188,16
2024/03/25 17:00,01F3286N,01F3252N,31,121,127
2024/03/25 17:00,01F3286N,01F3252N,32,123,54
2024/03/25 17:00,01F3286N,01F3252N,41,119,1
2024/03/25 17:00,01F3286N,01F3252N,42,149,5
2024/03/25 17:00,01F3286N,01F3252N,5,138,21
2024/03/25 17:00,01F3227S,01F3252S,31,97,198
2024/03/25 17:00,01F3227S,01F3252S,32,99,95
2024/03/25 17:00,01F3227S,01F3252S,41,96,1
2024/03/25 17:00,01F3227S,01F3252S,42,102,10
2024/03/25 17:00,01F3227S,01F3252S,5,105,22
2024/03/25 17:00,01F3366N,01F3286N,31,289,126
2024/03/25 17:00,01F3366N,01F3286N,32,297,60
2024/03/25 17:00,01F3366N,01F3286N,41,317,4
2024/03/25 17:00,01F3366N,01F3286N,42,325,10
2024/03/25 17:00,01F3366N,01F3286N,5,327,18
2024/03/25 17:00,01F3252S,01F3286S,31,119,132
2024/03/25 17:00,01F3252S,01F3286S,32,121,72
2024/03/25 17:00,01F3252S,01F3286S,41,132,1
2024/03/25 17:00,01F3252S,01F3286S,42,142,11
2024/03/25 17:00,01F3252S,01F3286S,5,143,17
2024/03/25 17:00,01F3398N,01F3366N,31,108,154
2024/03/25 17:00,01F3398N,01F3366N,32,109,50
2024/03/25 17:00,01F3398N,01F3366N,41,112,1
2024/03/25 17:00,01F3398N,01F3366N,42,126,6
2024/03/25 17:00,01F3398N,01F3366N,5,133,21
2024/03/25 17:00,01F3286S,01F3366S,31,305,150
2024/03/25 17:00,01F3286S,01F3366S,32,307,50
2024/03/25 17:00,01F3286S,01F3366S,41,315,4
2024/03/25 17:00,01F3286S,01F3366S,42,341,17
2024/03/25 17:00,01F3286S,01F3366S,5,337,17
2024/03/25 17:00,01F3460N,01F3398N,31,224,161
2024/03/25 17:00,01F3460N,01F3398N,32,224,69
2024/03/25 17:00,01F3460N,01F3398N,41,0,0
2024/03/25 17:00,01F3460N,01F3398N,42,266,8
2024/03/25 17:00,01F3460N,01F3398N,5,262,15
2024/03/25 17:00,01F3366S,01F3398S,31,116,190
2024/03/25 17:00,01F3366S,01F3398S,32,122,75
2024/03/25 17:00,01F3366S,01F3398S,41,129,5
2024/03/25 17:00,01F3366S,01F3398S,42,129,17
2024/03/25 17:00,01F3366S,01F3398S,5,134,19
2024/03/25 17:00,01F3535N,01F3460N,31,440,151
2024/03/25 17:00,01F3535N,01F3460N,32,448,75
2024/03/25 17:00,01F3535N,01F3460N,41,0,0
2024/03/25 17:00,01F3535N,01F3460N,42,454,11
2024/03/25 17:00,01F3535N,01F3460N,5,448,21
2024/03/25 17:00,01F3398S,01F3460S,31,363,192
2024/03/25 17:00,01F3398S,01F3460S,32,365,76
2024/03/25 17:00,01F3398S,01F3460S,41,366,2
2024/03/25 17:00,01F3398S,01F3460S,42,375,11
2024/03/25 17:00,01F3398S,01F3460S,5,381,19
2024/03/25 17:00,01F3559N,01F3535N,31,91,191
2024/03/25 17:00,01F3559N,01F3535N,32,93,67
2024/03/25 17:00,01F3559N,01F3535N,41,0,0
2024/03/25 17:00,01F3559N,01F3535N,42,98,10
2024/03/25 17:00,01F3559N,01F3535N,5,106,27
2024/03/25 17:00,01F3460S,01F3535S,31,319,222
2024/03/25 17:00,01F3460S,01F3535S,32,320,101
2024/03/25 17:00,01F3460S,01F3535S,41,1728,3
2024/03/25 17:00,01F3460S,01F3535S,42,385,12
2024/03/25 17:00,01F3460S,01F3535S,5,341,28
2024/03/25 17:00,01F3590N,01F3559N,31,115,162
2024/03/25 17:00,01F3590N,01F3559N,32,116,66
2024/03/25 17:00,01F3590N,01F3559N,41,128,2
2024/03/25 17:00,01F3590N,01F3559N,42,132,8
2024/03/25 17:00,01F3590N,01F3559N,5,135,20
2024/03/25 17:00,01F3535S,01F3561S,31,113,239
2024/03/25 17:00,01F3535S,01F3561S,32,113,101
2024/03/25 17:00,01F3535S,01F3561S,41,116,4
2024/03/25 17:00,01F3535S,01F3561S,42,122,11
2024/03/25 17:00,01F3535S,01F3561S,5,116,27
2024/03/25 17:00,01F3640N,01F3590N,31,185,198
2024/03/25 17:00,01F3640N,01F3590N,32,186,63
2024/03/25 17:00,01F3640N,01F3590N,41,203,3
2024/03/25 17:00,01F3640N,01F3590N,42,214,19
2024/03/25 17:00,01F3640N,01F3590N,5,215,21
2024/03/25 17:00,03F3743S,01F3590N,31,0,0
2024/03/25 17:00,03F3743S,01F3590N,32,0,0
2024/03/25 17:00,03F3743S,01F3590N,41,0,0
2024/03/25 17:00,03F3743S,01F3590N,42,0,0
2024/03/25 17:00,03F3743S,01F3590N,5,0,0
2024/03/25 17:00,03F3854N,01F3590N,31,1027,3
2024/03/25 17:00,03F3854N,01F3590N,32,0,0
2024/03/25 17:00,03F3854N,01F3590N,41,0,0
2024/03/25 17:00,03F3854N,01F3590N,42,0,0
2024/03/25 17:00,03F3854N,01F3590N,5,0,0
2024/03/25 17:00,01F3561S,01F3590S,31,154,243
2024/03/25 17:00,01F3561S,01F3590S,32,154,85
2024/03/25 17:00,01F3561S,01F3590S,41,161,5
2024/03/25 17:00,01F3561S,01F3590S,42,158,12
2024/03/25 17:00,01F3561S,01F3590S,5,163,31
2024/03/25 17:00,01F3676N,01F3640N,31,140,190
2024/03/25 17:00,01F3676N,01F3640N,32,137,77
2024/03/25 17:00,01F3676N,01F3640N,41,139,4
2024/03/25 17:00,01F3676N,01F3640N,42,150,18
2024/03/25 17:00,01F3676N,01F3640N,5,156,34
2024/03/25 17:00,01F3590S,01F3640S,31,209,200
2024/03/25 17:00,01F3590S,01F3640S,32,208,83
2024/03/25 17:00,01F3590S,01F3640S,41,208,1
2024/03/25 17:00,01F3590S,01F3640S,42,228,10
2024/03/25 17:00,01F3590S,01F3640S,5,222,33
2024/03/25 17:00,03F3743S,01F3640S,31,1159,11
2024/03/25 17:00,03F3743S,01F3640S,32,1219,10
2024/03/25 17:00,03F3743S,01F3640S,41,1340,1
2024/03/25 17:00,03F3743S,01F3640S,42,0,0
2024/03/25 17:00,03F3743S,01F3640S,5,1203,2
2024/03/25 17:00,03F3854N,01F3640S,31,1077,5
2024/03/25 17:00,03F3854N,01F3640S,32,957,2
2024/03/25 17:00,03F3854N,01F3640S,41,0,0
2024/03/25 17:00,03F3854N,01F3640S,42,0,0
2024/03/25 17:00,03F3854N,01F3640S,5,3283,1
2024/03/25 17:00,01F3696N,01F3676N,31,87,179
2024/03/25 17:00,01F3696N,01F3676N,32,87,75
2024/03/25 17:00,01F3696N,01F3676N,41,99,4
2024/03/25 17:00,01F3696N,01F3676N,42,101,12
2024/03/25 17:00,01F3696N,01F3676N,5,101,41
2024/03/25 17:00,01F3640S,01F3676S,31,158,200
2024/03/25 17:00,01F3640S,01F3676S,32,161,91
2024/03/25 17:00,01F3640S,01F3676S,41,165,2
2024/03/25 17:00,01F3640S,01F3676S,42,176,20
2024/03/25 17:00,01F3640S,01F3676S,5,168,45
2024/03/25 17:00,01F3676S,01F3686S,31,44,205
2024/03/25 17:00,01F3676S,01F3686S,32,43,94
2024/03/25 17:00,01F3676S,01F3686S,41,46,3
2024/03/25 17:00,01F3676S,01F3686S,42,48,19
2024/03/25 17:00,01F3676S,01F3686S,5,46,38
2024/03/25 17:00,01F3736N,01F3696N,31,165,21
2024/03/25 17:00,01F3736N,01F3696N,32,171,11
2024/03/25 17:00,01F3736N,01F3696N,41,213,1
2024/03/25 17:00,01F3736N,01F3696N,42,199,2
2024/03/25 17:00,01F3736N,01F3696N,5,193,16
2024/03/25 17:00,01F3686S,01F3736S,31,217,10
2024/03/25 17:00,01F3686S,01F3736S,32,242,1
2024/03/25 17:00,01F3686S,01F3736S,41,229,1
2024/03/25 17:00,01F3686S,01F3736S,42,220,2
2024/03/25 17:00,01F3686S,01F3736S,5,234,13
2024/03/25 17:00,01F0099S,01H0163S,31,262,48
2024/03/25 17:00,01F0099S,01H0163S,32,266,16
2024/03/25 17:00,01F0099S,01H0163S,41,288,1
2024/03/25 17:00,01F0099S,01H0163S,42,0,0
2024/03/25 17:00,01F0099S,01H0163S,5,0,0
2024/03/25 17:00,03F0087S,01H0163S,31,282,16
2024/03/25 17:00,03F0087S,01H0163S,32,293,6
2024/03/25 17:00,03F0087S,01H0163S,41,0,0
2024/03/25 17:00,03F0087S,01H0163S,42,0,0
2024/03/25 17:00,03F0087S,01H0163S,5,0,0
2024/03/25 17:00,03F0116N,01H0163S,31,286,35
2024/03/25 17:00,03F0116N,01H0163S,32,308,10
2024/03/25 17:00,03F0116N,01H0163S,41,0,0
2024/03/25 17:00,03F0116N,01H0163S,42,0,0
2024/03/25 17:00,03F0116N,01H0163S,5,0,0
2024/03/25 17:00,01H0200N,01H0174N,31,102,82
2024/03/25 17:00,01H0200N,01H0174N,32,103,36
2024/03/25 17:00,01H0200N,01H0174N,41,103,1
2024/03/25 17:00,01H0200N,01H0174N,42,0,0
2024/03/25 17:00,01H0200N,01H0174N,5,0,0
2024/03/25 17:00,01H0208N,01H0200N,31,30,150
2024/03/25 17:00,01H0208N,01H0200N,32,30,69
2024/03/25 17:00,01H0208N,01H0200N,41,29,1
2024/03/25 17:00,01H0208N,01H0200N,42,0,0
2024/03/25 17:00,01H0208N,01H0200N,5,0,0
2024/03/25 17:00,01H0163S,01H0206S,31,401,91
2024/03/25 17:00,01H0163S,01H0206S,32,404,38
2024/03/25 17:00,01H0163S,01H0206S,41,389,2
2024/03/25 17:00,01H0163S,01H0206S,42,1364,1
2024/03/25 17:00,01H0163S,01H0206S,5,0,0
2024/03/25 17:00,01H0271N,01H0208N,31,267,182
2024/03/25 17:00,01H0271N,01H0208N,32,266,75
2024/03/25 17:00,01H0271N,01H0208N,41,281,1
2024/03/25 17:00,01H0271N,01H0208N,42,0,0
2024/03/25 17:00,01H0271N,01H0208N,5,0,0
2024/03/25 17:00,01F0340N,01H0271N,31,297,81
2024/03/25 17:00,01F0340N,01H0271N,32,296,34
2024/03/25 17:00,01F0340N,01H0271N,41,0,0
2024/03/25 17:00,01F0340N,01H0271N,42,365,1
2024/03/25 17:00,01F0340N,01H0271N,5,0,0
2024/03/25 17:00,01H0333N,01H0271N,31,279,114
2024/03/25 17:00,01H0333N,01H0271N,32,291,43
2024/03/25 17:00,01H0333N,01H0271N,41,305,2
2024/03/25 17:00,01H0333N,01H0271N,42,284,1
2024/03/25 17:00,01H0333N,01H0271N,5,0,0
2024/03/25 17:00,01H0206S,01H0305S,31,465,157
2024/03/25 17:00,01H0206S,01H0305S,32,465,64
2024/03/25 17:00,01H0206S,01H0305S,41,488,2
2024/03/25 17:00,01H0206S,01H0305S,42,514,1
2024/03/25 17:00,01H0206S,01H0305S,5,0,0
2024/03/25 17:00,01H0447N,01H0333N,31,505,129
2024/03/25 17:00,01H0447N,01H0333N,32,510,35
2024/03/25 17:00,01H0447N,01H0333N,41,476,2
2024/03/25 17:00,01H0447N,01H0333N,42,0,0
2024/03/25 17:00,01H0447N,01H0333N,5,0,0
2024/03/25 17:00,01H0305S,01H0334S,31,152,90
2024/03/25 17:00,01H0305S,01H0334S,32,144,22
2024/03/25 17:00,01H0305S,01H0334S,41,140,2
2024/03/25 17:00,01H0305S,01H0334S,42,141,2
2024/03/25 17:00,01H0305S,01H0334S,5,0,0
2024/03/25 17:00,01H0579N,01H0447N,31,545,152
2024/03/25 17:00,01H0579N,01H0447N,32,546,61
2024/03/25 17:00,01H0579N,01H0447N,41,520,3
2024/03/25 17:00,01H0579N,01H0447N,42,0,0
2024/03/25 17:00,01H0579N,01H0447N,5,546,1
2024/03/25 17:00,01F0339S,01H0447S,31,434,125
2024/03/25 17:00,01F0339S,01H0447S,32,448,33
2024/03/25 17:00,01F0339S,01H0447S,41,447,4
2024/03/25 17:00,01F0339S,01H0447S,42,0,0
2024/03/25 17:00,01F0339S,01H0447S,5,0,0
2024/03/25 17:00,01H0334S,01H0447S,31,438,85
2024/03/25 17:00,01H0334S,01H0447S,32,453,27
2024/03/25 17:00,01H0334S,01H0447S,41,445,1
2024/03/25 17:00,01H0334S,01H0447S,42,425,4
2024/03/25 17:00,01H0334S,01H0447S,5,0,0
2024/03/25 17:00,01F0633N,01H0579N,31,333,61
2024/03/25 17:00,01F0633N,01H0579N,32,332,13
2024/03/25 17:00,01F0633N,01H0579N,41,348,2
2024/03/25 17:00,01F0633N,01H0579N,42,0,0
2024/03/25 17:00,01F0633N,01H0579N,5,0,0
2024/03/25 17:00,01H0608N,01H0579N,31,132,130
2024/03/25 17:00,01H0608N,01H0579N,32,133,39
2024/03/25 17:00,01H0608N,01H0579N,41,139,5
2024/03/25 17:00,01H0608N,01H0579N,42,0,0
2024/03/25 17:00,01H0608N,01H0579N,5,0,0
2024/03/25 17:00,01H0447S,01H0579S,31,500,137
2024/03/25 17:00,01H0447S,01H0579S,32,501,38
2024/03/25 17:00,01H0447S,01H0579S,41,513,6
2024/03/25 17:00,01H0447S,01H0579S,42,481,2
2024/03/25 17:00,01H0447S,01H0579S,5,0,0
2024/03/25 17:00,01F0750N,01H0608N,31,556,146
2024/03/25 17:00,01F0750N,01H0608N,32,564,55
2024/03/25 17:00,01F0750N,01H0608N,41,569,3
2024/03/25 17:00,01F0750N,01H0608N,42,0,0
2024/03/25 17:00,01F0750N,01H0608N,5,0,0
2024/03/25 17:00,01F0578S,01H0610S,31,229,69
2024/03/25 17:00,01F0578S,01H0610S,32,246,15
2024/03/25 17:00,01F0578S,01H0610S,41,0,0
2024/03/25 17:00,01F0578S,01H0610S,42,0,0
2024/03/25 17:00,01F0578S,01H0610S,5,0,0
2024/03/25 17:00,01H0579S,01H0610S,31,149,69
2024/03/25 17:00,01H0579S,01H0610S,32,155,24
2024/03/25 17:00,01H0579S,01H0610S,41,162,6
2024/03/25 17:00,01H0579S,01H0610S,42,0,0
2024/03/25 17:00,01H0579S,01H0610S,5,0,0
2024/03/25 17:00,03A0041N,03A0015N,31,120,79
2024/03/25 17:00,03A0041N,03A0015N,32,123,16
2024/03/25 17:00,03A0041N,03A0015N,41,111,5
2024/03/25 17:00,03A0041N,03A0015N,42,0,0
2024/03/25 17:00,03A0041N,03A0015N,5,0,0
2024/03/25 17:00,03F0201S,03A0041N,31,83,100
2024/03/25 17:00,03F0201S,03A0041N,32,77,14
2024/03/25 17:00,03F0201S,03A0041N,41,89,5
2024/03/25 17:00,03F0201S,03A0041N,42,0,0
2024/03/25 17:00,03F0201S,03A0041N,5,0,0
2024/03/25 17:00,03F0217N,03A0041N,31,119,35
2024/03/25 17:00,03F0217N,03A0041N,32,117,15
2024/03/25 17:00,03F0217N,03A0041N,41,0,0
2024/03/25 17:00,03F0217N,03A0041N,42,0,0
2024/03/25 17:00,03F0217N,03A0041N,5,0,0
2024/03/25 17:00,03A0015S,03A0041S,31,123,47
2024/03/25 17:00,03A0015S,03A0041S,32,127,17
2024/03/25 17:00,03A0015S,03A0041S,41,0,0
2024/03/25 17:00,03A0015S,03A0041S,42,116,1
2024/03/25 17:00,03A0015S,03A0041S,5,0,0
2024/03/25 17:00,03F0054N,03F0021N,31,128,75
2024/03/25 17:00,03F0054N,03F0021N,32,125,27
2024/03/25 17:00,03F0054N,03F0021N,41,0,0
2024/03/25 17:00,03F0054N,03F0021N,42,148,4
2024/03/25 17:00,03F0054N,03F0021N,5,141,5
2024/03/25 17:00,01F0099S,03F0054N,31,1833,2
2024/03/25 17:00,01F0099S,03F0054N,32,0,0
2024/03/25 17:00,01F0099S,03F0054N,41,0,0
2024/03/25 17:00,01F0099S,03F0054N,42,0,0
2024/03/25 17:00,01F0099S,03F0054N,5,0,0
2024/03/25 17:00,01F0147N,03F0054N,31,364,29
2024/03/25 17:00,01F0147N,03F0054N,32,355,11
2024/03/25 17:00,01F0147N,03F0054N,41,0,0
2024/03/25 17:00,01F0147N,03F0054N,42,413,1
2024/03/25 17:00,01F0147N,03F0054N,5,403,5
2024/03/25 17:00,01H0174N,03F0054N,31,439,19
2024/03/25 17:00,01H0174N,03F0054N,32,455,7
2024/03/25 17:00,01H0174N,03F0054N,41,0,0
2024/03/25 17:00,01H0174N,03F0054N,42,0,0
2024/03/25 17:00,01H0174N,03F0054N,5,0,0
2024/03/25 17:00,03F0116N,03F0054N,31,233,40
2024/03/25 17:00,03F0116N,03F0054N,32,233,16
2024/03/25 17:00,03F0116N,03F0054N,41,0,0
2024/03/25 17:00,03F0116N,03F0054N,42,258,4
2024/03/25 17:00,03F0116N,03F0054N,5,248,3
2024/03/25 17:00,03F0006S,03F0087S,31,307,51
2024/03/25 17:00,03F0006S,03F0087S,32,317,15
2024/03/25 17:00,03F0006S,03F0087S,41,350,2
2024/03/25 17:00,03F0006S,03F0087S,42,392,2
2024/03/25 17:00,03F0006S,03F0087S,5,409,9
2024/03/25 17:00,03F0140N,03F0116N,31,102,122
2024/03/25 17:00,03F0140N,03F0116N,32,101,52
2024/03/25 17:00,03F0140N,03F0116N,41,120,2
2024/03/25 17:00,03F0140N,03F0116N,42,114,3
2024/03/25 17:00,03F0140N,03F0116N,5,111,4
2024/03/25 17:00,01F0099S,03F0116S,31,138,63
2024/03/25 17:00,01F0099S,03F0116S,32,131,17
2024/03/25 17:00,01F0099S,03F0116S,41,140,4
2024/03/25 17:00,01F0099S,03F0116S,42,132,2
2024/03/25 17:00,01F0099S,03F0116S,5,133,1
2024/03/25 17:00,01F0147N,03F0116S,31,171,33
2024/03/25 17:00,01F0147N,03F0116S,32,173,7
2024/03/25 17:00,01F0147N,03F0116S,41,2038,1
2024/03/25 17:00,01F0147N,03F0116S,42,187,4
2024/03/25 17:00,01F0147N,03F0116S,5,3276,1
2024/03/25 17:00,01H0174N,03F0116S,31,268,27
2024/03/25 17:00,01H0174N,03F0116S,32,276,14
2024/03/25 17:00,01H0174N,03F0116S,41,0,0
2024/03/25 17:00,01H0174N,03F0116S,42,268,1
2024/03/25 17:00,01H0174N,03F0116S,5,0,0
2024/03/25 17:00,03F0087S,03F0116S,31,110,37
2024/03/25 17:00,03F0087S,03F0116S,32,112,19
2024/03/25 17:00,03F0087S,03F0116S,41,121,1
2024/03/25 17:00,03F0087S,03F0116S,42,0,0
2024/03/25 17:00,03F0087S,03F0116S,5,124,7
2024/03/25 17:00,03F0116S,03F0136S,31,80,122
2024/03/25 17:00,03F0116S,03F0136S,32,79,38
2024/03/25 17:00,03F0116S,03F0136S,41,82,1
2024/03/25 17:00,03F0116S,03F0136S,42,94,5
2024/03/25 17:00,03F0116S,03F0136S,5,91,4
2024/03/25 17:00,03F0150N,03F0140N,31,39,185
2024/03/25 17:00,03F0150N,03F0140N,32,40,75
2024/03/25 17:00,03F0150N,03F0140N,41,43,1
2024/03/25 17:00,03F0150N,03F0140N,42,45,8
2024/03/25 17:00,03F0150N,03F0140N,5,40,4
2024/03/25 17:00,03F0201N,03F0150N,31,218,168
2024/03/25 17:00,03F0201N,03F0150N,32,226,71
2024/03/25 17:00,03F0201N,03F0150N,41,226,2
2024/03/25 17:00,03F0201N,03F0150N,42,247,8
2024/03/25 17:00,03F0201N,03F0150N,5,229,5
2024/03/25 17:00,05F0001N,03F0150N,31,56,85
2024/03/25 17:00,05F0001N,03F0150N,32,56,33
2024/03/25 17:00,05F0001N,03F0150N,41,57,4
2024/03/25 17:00,05F0001N,03F0150N,42,52,1
2024/03/25 17:00,05F0001N,03F0150N,5,0,0
2024/03/25 17:00,03F0136S,03F0158S,31,86,159
2024/03/25 17:00,03F0136S,03F0158S,32,88,51
2024/03/25 17:00,03F0136S,03F0158S,41,91,3
2024/03/25 17:00,03F0136S,03F0158S,42,95,5
2024/03/25 17:00,03F0136S,03F0158S,5,92,4
2024/03/25 17:00,03A0041S,03F0201N,31,191,51
2024/03/25 17:00,03A0041S,03F0201N,32,205,31
2024/03/25 17:00,03A0041S,03F0201N,41,222,1
2024/03/25 17:00,03A0041S,03F0201N,42,176,5
2024/03/25 17:00,03A0041S,03F0201N,5,162,1
2024/03/25 17:00,03F0217N,03F0201N,31,59,120
2024/03/25 17:00,03F0217N,03F0201N,32,60,50
2024/03/25 17:00,03F0217N,03F0201N,41,60,1
2024/03/25 17:00,03F0217N,03F0201N,42,59,4
2024/03/25 17:00,03F0217N,03F0201N,5,61,5
2024/03/25 17:00,03F0158S,03F0201S,31,198,186
2024/03/25 17:00,03F0158S,03F0201S,32,199,67
2024/03/25 17:00,03F0158S,03F0201S,41,224,3
2024/03/25 17:00,03F0158S,03F0201S,42,200,6
2024/03/25 17:00,03F0158S,03F0201S,5,206,3
2024/03/25 17:00,05F0001N,03F0201S,31,237,67
2024/03/25 17:00,05F0001N,03F0201S,32,238,15
2024/03/25 17:00,05F0001N,03F0201S,41,260,5
2024/03/25 17:00,05F0001N,03F0201S,42,3181,1
2024/03/25 17:00,05F0001N,03F0201S,5,0,0
2024/03/25 17:00,03F0301N,03F0217N,31,348,136
2024/03/25 17:00,03F0301N,03F0217N,32,350,51
2024/03/25 17:00,03F0301N,03F0217N,41,351,1
2024/03/25 17:00,03F0301N,03F0217N,42,357,5
2024/03/25 17:00,03F0301N,03F0217N,5,359,3
2024/03/25 17:00,03A0041S,03F0217S,31,99,40
2024/03/25 17:00,03A0041S,03F0217S,32,99,18
2024/03/25 17:00,03A0041S,03F0217S,41,0,0
2024/03/25 17:00,03A0041S,03F0217S,42,109,1
2024/03/25 17:00,03A0041S,03F0217S,5,0,0
2024/03/25 17:00,03F0201S,03F0217S,31,71,156
2024/03/25 17:00,03F0201S,03F0217S,32,73,73
2024/03/25 17:00,03F0201S,03F0217S,41,75,5
2024/03/25 17:00,03F0201S,03F0217S,42,81,4
2024/03/25 17:00,03F0201S,03F0217S,5,65,2
2024/03/25 17:00,03F0338N,03F0301N,31,144,154
2024/03/25 17:00,03F0338N,03F0301N,32,148,61
2024/03/25 17:00,03F0338N,03F0301N,41,0,0
2024/03/25 17:00,03F0338N,03F0301N,42,165,5
2024/03/25 17:00,03F0338N,03F0301N,5,168,6
2024/03/25 17:00,03F0217S,03F0301S,31,376,162
2024/03/25 17:00,03F0217S,03F0301S,32,374,61
2024/03/25 17:00,03F0217S,03F0301S,41,403,1
2024/03/25 17:00,03F0217S,03F0301S,42,365,1
2024/03/25 17:00,03F0217S,03F0301S,5,389,3
2024/03/25 17:00,03F0301S,03F0337S,31,546,155
2024/03/25 17:00,03F0301S,03F0337S,32,531,61
2024/03/25 17:00,03F0301S,03F0337S,41,556,5
2024/03/25 17:00,03F0301S,03F0337S,42,555,8
2024/03/25 17:00,03F0301S,03F0337S,5,559,5
2024/03/25 17:00,03F0394N,03F0338N,31,227,184
2024/03/25 17:00,03F0394N,03F0338N,32,231,66
2024/03/25 17:00,03F0394N,03F0338N,41,251,2
2024/03/25 17:00,03F0394N,03F0338N,42,244,8
2024/03/25 17:00,03F0394N,03F0338N,5,229,3
2024/03/25 17:00,03F0447N,03F0394N,31,194,227
2024/03/25 17:00,03F0447N,03F0394N,32,197,70
2024/03/25 17:00,03F0447N,03F0394N,41,200,4
2024/03/25 17:00,03F0447N,03F0394N,42,195,5
2024/03/25 17:00,03F0447N,03F0394N,5,212,6
2024/03/25 17:00,03F0337S,03F0394S,31,287,149
2024/03/25 17:00,03F0337S,03F0394S,32,292,65
2024/03/25 17:00,03F0337S,03F0394S,41,304,5
2024/03/25 17:00,03F0337S,03F0394S,42,317,7
2024/03/25 17:00,03F0337S,03F0394S,5,311,4
2024/03/25 17:00,03F0498N,03F0447N,31,212,270
2024/03/25 17:00,03F0498N,03F0447N,32,218,92
2024/03/25 17:00,03F0498N,03F0447N,41,228,10
2024/03/25 17:00,03F0498N,03F0447N,42,227,6
2024/03/25 17:00,03F0498N,03F0447N,5,225,10
2024/03/25 17:00,03F0394S,03F0447S,31,241,247
2024/03/25 17:00,03F0394S,03F0447S,32,244,80
2024/03/25 17:00,03F0394S,03F0447S,41,255,11
2024/03/25 17:00,03F0394S,03F0447S,42,254,16
2024/03/25 17:00,03F0394S,03F0447S,5,0,0
2024/03/25 17:00,03F0525N,03F0498N,31,161,250
2024/03/25 17:00,03F0525N,03F0498N,32,163,109
2024/03/25 17:00,03F0525N,03F0498N,41,156,9
2024/03/25 17:00,03F0525N,03F0498N,42,166,4
2024/03/25 17:00,03F0525N,03F0498N,5,164,8
2024/03/25 17:00,03F0447S,03F0498S,31,236,265
2024/03/25 17:00,03F0447S,03F0498S,32,237,119
2024/03/25 17:00,03F0447S,03F0498S,41,238,4
2024/03/25 17:00,03F0447S,03F0498S,42,233,13
2024/03/25 17:00,03F0447S,03F0498S,5,249,5
2024/03/25 17:00,01F0511S,03F0525N,31,1410,7
2024/03/25 17:00,01F0511S,03F0525N,32,1944,2
2024/03/25 17:00,01F0511S,03F0525N,41,0,0
2024/03/25 17:00,01F0511S,03F0525N,42,0,0
2024/03/25 17:00,01F0511S,03F0525N,5,2474,1
2024/03/25 17:00,01F0532N,03F0525N,31,1233,11
2024/03/25 17:00,01F0532N,03F0525N,32,1263,6
2024/03/25 17:00,01F0532N,03F0525N,41,0,0
2024/03/25 17:00,01F0532N,03F0525N,42,0,0
2024/03/25 17:00,01F0532N,03F0525N,5,0,0
2024/03/25 17:00,03F0559N,03F0525N,31,415,186
2024/03/25 17:00,03F0559N,03F0525N,32,414,80
2024/03/25 17:00,03F0559N,03F0525N,41,397,7
2024/03/25 17:00,03F0559N,03F0525N,42,404,7
2024/03/25 17:00,03F0559N,03F0525N,5,417,5
2024/03/25 17:00,03F0498S,03F0525S,31,116,237
2024/03/25 17:00,03F0498S,03F0525S,32,118,120
2024/03/25 17:00,03F0498S,03F0525S,41,114,1
2024/03/25 17:00,03F0498S,03F0525S,42,119,9
2024/03/25 17:00,03F0498S,03F0525S,5,119,6
2024/03/25 17:00,03F0648N,03F0559N,31,554,214
2024/03/25 17:00,03F0648N,03F0559N,32,552,76
2024/03/25 17:00,03F0648N,03F0559N,41,531,5
2024/03/25 17:00,03F0648N,03F0559N,42,573,6
2024/03/25 17:00,03F0648N,03F0559N,5,531,9
2024/03/25 17:00,01F0511S,03F0559S,31,1103,11
2024/03/25 17:00,01F0511S,03F0559S,32,1090,3
2024/03/25 17:00,01F0511S,03F0559S,41,0,0
2024/03/25 17:00,01F0511S,03F0559S,42,0,0
2024/03/25 17:00,01F0511S,03F0559S,5,0,0
2024/03/25 17:00,01F0532N,03F0559S,31,939,1
2024/03/25 17:00,01F0532N,03F0559S,32,0,0
2024/03/25 17:00,01F0532N,03F0559S,41,0,0
2024/03/25 17:00,01F0532N,03F0559S,42,0,0
2024/03/25 17:00,01F0532N,03F0559S,5,0,0
2024/03/25 17:00,03F0525S,03F0559S,31,131,170
2024/03/25 17:00,03F0525S,03F0559S,32,134,65
2024/03/25 17:00,03F0525S,03F0559S,41,126,3
2024/03/25 17:00,03F0525S,03F0559S,42,140,5
2024/03/25 17:00,03F0525S,03F0559S,5,145,3
2024/03/25 17:00,03F0698N,03F0648N,31,235,219
2024/03/25 17:00,03F0698N,03F0648N,32,231,66
2024/03/25 17:00,03F0698N,03F0648N,41,243,7
2024/03/25 17:00,03F0698N,03F0648N,42,237,5
2024/03/25 17:00,03F0698N,03F0648N,5,246,4
2024/03/25 17:00,03F0559S,03F0648S,31,340,166
2024/03/25 17:00,03F0559S,03F0648S,32,341,49
2024/03/25 17:00,03F0559S,03F0648S,41,367,5
2024/03/25 17:00,03F0559S,03F0648S,42,387,6
2024/03/25 17:00,03F0559S,03F0648S,5,352,9
2024/03/25 17:00,03F0746N,03F0698N,31,451,173
2024/03/25 17:00,03F0746N,03F0698N,32,452,78
2024/03/25 17:00,03F0746N,03F0698N,41,431,7
2024/03/25 17:00,03F0746N,03F0698N,42,450,7
2024/03/25 17:00,03F0746N,03F0698N,5,493,5
2024/03/25 17:00,03F0648S,03F0698S,31,189,136
2024/03/25 17:00,03F0648S,03F0698S,32,187,44
2024/03/25 17:00,03F0648S,03F0698S,41,186,2
2024/03/25 17:00,03F0648S,03F0698S,42,210,6
2024/03/25 17:00,03F0648S,03F0698S,5,204,5
2024/03/25 17:00,03F0746S,03F0746N,31,362,3
2024/03/25 17:00,03F0746S,03F0746N,32,3077,1
2024/03/25 17:00,03F0746S,03F0746N,41,0,0
2024/03/25 17:00,03F0746S,03F0746N,42,0,0
2024/03/25 17:00,03F0746S,03F0746N,5,0,0
2024/03/25 17:00,03F0783N,03F0746N,31,133,241
2024/03/25 17:00,03F0783N,03F0746N,32,135,76
2024/03/25 17:00,03F0783N,03F0746N,41,157,3
2024/03/25 17:00,03F0783N,03F0746N,42,142,8
2024/03/25 17:00,03F0783N,03F0746N,5,152,3
2024/03/25 17:00,03F0698S,03F0746S,31,166,111
2024/03/25 17:00,03F0698S,03F0746S,32,171,47
2024/03/25 17:00,03F0698S,03F0746S,41,184,1
2024/03/25 17:00,03F0698S,03F0746S,42,201,8
2024/03/25 17:00,03F0698S,03F0746S,5,201,5
2024/03/25 17:00,03F0846N,03F0783N,31,217,194
2024/03/25 17:00,03F0846N,03F0783N,32,222,72
2024/03/25 17:00,03F0846N,03F0783N,41,231,2
2024/03/25 17:00,03F0846N,03F0783N,42,235,8
2024/03/25 17:00,03F0846N,03F0783N,5,265,2
2024/03/25 17:00,03F0746S,03F0783S,31,125,148
2024/03/25 17:00,03F0746S,03F0783S,32,132,58
2024/03/25 17:00,03F0746S,03F0783S,41,140,5
2024/03/25 17:00,03F0746S,03F0783S,42,142,11
2024/03/25 17:00,03F0746S,03F0783S,5,148,6
2024/03/25 17:00,03F0783N,03F0783S,31,1645,2
2024/03/25 17:00,03F0783N,03F0783S,32,1873,1
2024/03/25 17:00,03F0783N,03F0783S,41,0,0
2024/03/25 17:00,03F0783N,03F0783S,42,393,2
2024/03/25 17:00,03F0783N,03F0783S,5,2574,1
2024/03/25 17:00,03F0961N,03F0846N,31,413,178
2024/03/25 17:00,03F0961N,03F0846N,32,419,70
2024/03/25 17:00,03F0961N,03F0846N,41,433,4
2024/03/25 17:00,03F0961N,03F0846N,42,439,13
2024/03/25 17:00,03F0961N,03F0846N,5,469,3
2024/03/25 17:00,03F0783S,03F0846S,31,217,128
2024/03/25 17:00,03F0783S,03F0846S,32,221,54
2024/03/25 17:00,03F0783S,03F0846S,41,221,1
2024/03/25 17:00,03F0783S,03F0846S,42,255,11
2024/03/25 17:00,03F0783S,03F0846S,5,251,6
2024/03/25 17:00,03F0996N,03F0961N,31,122,150
2024/03/25 17:00,03F0996N,03F0961N,32,124,68
2024/03/25 17:00,03F0996N,03F0961N,41,139,5
2024/03/25 17:00,03F0996N,03F0961N,42,145,7
2024/03/25 17:00,03F0996N,03F0961N,5,141,5
2024/03/25 17:00,03F0846S,03F0961S,31,379,100
2024/03/25 17:00,03F0846S,03F0961S,32,390,36
2024/03/25 17:00,03F0846S,03F0961S,41,465,1
2024/03/25 17:00,03F0846S,03F0961S,42,455,13
2024/03/25 17:00,03F0846S,03F0961S,5,449,8
2024/03/25 17:00,01F0980S,03F0996N,31,139,27
2024/03/25 17:00,01F0980S,03F0996N,32,145,8
2024/03/25 17:00,01F0980S,03F0996N,41,0,0
2024/03/25 17:00,01F0980S,03F0996N,42,151,4
2024/03/25 17:00,01F0980S,03F0996N,5,0,0
2024/03/25 17:00,01F1045N,03F0996N,31,231,48
2024/03/25 17:00,01F1045N,03F0996N,32,230,19
2024/03/25 17:00,01F1045N,03F0996N,41,0,0
2024/03/25 17:00,01F1045N,03F0996N,42,234,1
2024/03/25 17:00,01F1045N,03F0996N,5,0,0
2024/03/25 17:00,03F1022N,03F0996N,31,88,110
2024/03/25 17:00,03F1022N,03F0996N,32,88,41
2024/03/25 17:00,03F1022N,03F0996N,41,104,6
2024/03/25 17:00,03F1022N,03F0996N,42,100,4
2024/03/25 17:00,03F1022N,03F0996N,5,105,6
2024/03/25 17:00,03F0961S,03F0996S,31,119,122
2024/03/25 17:00,03F0961S,03F0996S,32,118,47
2024/03/25 17:00,03F0961S,03F0996S,41,148,1
2024/03/25 17:00,03F0961S,03F0996S,42,138,15
2024/03/25 17:00,03F0961S,03F0996S,5,139,8
2024/03/25 17:00,03F1051N,03F1022N,31,102,174
2024/03/25 17:00,03F1051N,03F1022N,32,103,50
2024/03/25 17:00,03F1051N,03F1022N,41,120,7
2024/03/25 17:00,03F1051N,03F1022N,42,123,10
2024/03/25 17:00,03F1051N,03F1022N,5,127,14
2024/03/25 17:00,01F0980S,03F1022S,31,121,89
2024/03/25 17:00,01F0980S,03F1022S,32,126,36
2024/03/25 17:00,01F0980S,03F1022S,41,132,1
2024/03/25 17:00,01F0980S,03F1022S,42,136,16
2024/03/25 17:00,01F0980S,03F1022S,5,139,12
2024/03/25 17:00,01F1045N,03F1022S,31,468,6
2024/03/25 17:00,01F1045N,03F1022S,32,0,0
2024/03/25 17:00,01F1045N,03F1022S,41,0,0
2024/03/25 17:00,01F1045N,03F1022S,42,0,0
2024/03/25 17:00,01F1045N,03F1022S,5,0,0
2024/03/25 17:00,03F0996S,03F1022S,31,94,105
2024/03/25 17:00,03F0996S,03F1022S,32,95,42
2024/03/25 17:00,03F0996S,03F1022S,41,101,4
2024/03/25 17:00,03F0996S,03F1022S,42,105,5
2024/03/25 17:00,03F0996S,03F1022S,5,109,10
2024/03/25 17:00,03F1128N,03F1051N,31,261,177
2024/03/25 17:00,03F1128N,03F1051N,32,264,34
2024/03/25 17:00,03F1128N,03F1051N,41,294,11
2024/03/25 17:00,03F1128N,03F1051N,42,297,7
2024/03/25 17:00,03F1128N,03F1051N,5,308,14
2024/03/25 17:00,03F1022S,03F1051S,31,101,148
2024/03/25 17:00,03F1022S,03F1051S,32,102,57
2024/03/25 17:00,03F1022S,03F1051S,41,104,2
2024/03/25 17:00,03F1022S,03F1051S,42,110,20
2024/03/25 17:00,03F1022S,03F1051S,5,116,24
2024/03/25 17:00,03F1161N,03F1128N,31,110,168
2024/03/25 17:00,03F1161N,03F1128N,32,115,41
2024/03/25 17:00,03F1161N,03F1128N,41,120,4
2024/03/25 17:00,03F1161N,03F1128N,42,129,11
2024/03/25 17:00,03F1161N,03F1128N,5,131,14
2024/03/25 17:00,03F1051S,03F1128S,31,265,134
2024/03/25 17:00,03F1051S,03F1128S,32,267,56
2024/03/25 17:00,03F1051S,03F1128S,41,281,1
2024/03/25 17:00,03F1051S,03F1128S,42,318,13
2024/03/25 17:00,03F1051S,03F1128S,5,318,10
2024/03/25 17:00,03F1215N,03F1161N,31,174,142
2024/03/25 17:00,03F1215N,03F1161N,32,179,32
2024/03/25 17:00,03F1215N,03F1161N,41,186,5
2024/03/25 17:00,03F1215N,03F1161N,42,197,12
2024/03/25 17:00,03F1215N,03F1161N,5,212,5
2024/03/25 17:00,03F1128S,03F1161S,31,112,124
2024/03/25 17:00,03F1128S,03F1161S,32,115,62
2024/03/25 17:00,03F1128S,03F1161S,41,118,1
2024/03/25 17:00,03F1128S,03F1161S,42,142,14
2024/03/25 17:00,03F1128S,03F1161S,5,147,18
2024/03/25 17:00,03F1257N,03F1215N,31,131,112
2024/03/25 17:00,03F1257N,03F1215N,32,136,27
2024/03/25 17:00,03F1257N,03F1215N,41,143,4
2024/03/25 17:00,03F1257N,03F1215N,42,165,9
2024/03/25 17:00,03F1257N,03F1215N,5,158,8
2024/03/25 17:00,03F1161S,03F1215S,31,181,93
2024/03/25 17:00,03F1161S,03F1215S,32,183,45
2024/03/25 17:00,03F1161S,03F1215S,41,191,2
2024/03/25 17:00,03F1161S,03F1215S,42,209,16
2024/03/25 17:00,03F1161S,03F1215S,5,228,13
2024/03/25 17:00,03F1332N,03F1257N,31,242,107
2024/03/25 17:00,03F1332N,03F1257N,32,249,27
2024/03/25 17:00,03F1332N,03F1257N,41,263,4
2024/03/25 17:00,03F1332N,03F1257N,42,284,4
2024/03/25 17:00,03F1332N,03F1257N,5,294,12
2024/03/25 17:00,03F1215S,03F1257S,31,140,81
2024/03/25 17:00,03F1215S,03F1257S,32,141,30
2024/03/25 17:00,03F1215S,03F1257S,41,142,2
2024/03/25 17:00,03F1215S,03F1257S,42,160,19
2024/03/25 17:00,03F1215S,03F1257S,5,184,13
2024/03/25 17:00,03F1395N,03F1332N,31,211,159
2024/03/25 17:00,03F1395N,03F1332N,32,211,52
2024/03/25 17:00,03F1395N,03F1332N,41,1021,3
2024/03/25 17:00,03F1395N,03F1332N,42,224,17
2024/03/25 17:00,03F1395N,03F1332N,5,265,12
2024/03/25 17:00,03F1257S,03F1332S,31,244,84
2024/03/25 17:00,03F1257S,03F1332S,32,251,34
2024/03/25 17:00,03F1257S,03F1332S,41,271,6
2024/03/25 17:00,03F1257S,03F1332S,42,296,14
2024/03/25 17:00,03F1257S,03F1332S,5,314,21
2024/03/25 17:00,03F1485N,03F1395N,31,287,125
2024/03/25 17:00,03F1485N,03F1395N,32,290,44
2024/03/25 17:00,03F1485N,03F1395N,41,318,1
2024/03/25 17:00,03F1485N,03F1395N,42,341,12
2024/03/25 17:00,03F1485N,03F1395N,5,362,6
2024/03/25 17:00,03F1332S,03F1395S,31,208,98
2024/03/25 17:00,03F1332S,03F1395S,32,208,45
2024/03/25 17:00,03F1332S,03F1395S,41,224,4
2024/03/25 17:00,03F1332S,03F1395S,42,258,19
2024/03/25 17:00,03F1332S,03F1395S,5,267,27
2024/03/25 17:00,03F1633N,03F1485N,31,470,110
2024/03/25 17:00,03F1633N,03F1485N,32,487,43
2024/03/25 17:00,03F1633N,03F1485N,41,0,0
2024/03/25 17:00,03F1633N,03F1485N,42,613,14
2024/03/25 17:00,03F1633N,03F1485N,5,634,9
2024/03/25 17:00,03F1395S,03F1485S,31,293,60
2024/03/25 17:00,03F1395S,03F1485S,32,302,37
2024/03/25 17:00,03F1395S,03F1485S,41,335,4
2024/03/25 17:00,03F1395S,03F1485S,42,348,12
2024/03/25 17:00,03F1395S,03F1485S,5,367,20
2024/03/25 17:00,03F1651N,03F1633N,31,58,145
2024/03/25 17:00,03F1651N,03F1633N,32,58,41
2024/03/25 17:00,03F1651N,03F1633N,41,64,11
2024/03/25 17:00,03F1651N,03F1633N,42,66,10
2024/03/25 17:00,03F1651N,03F1633N,5,73,10
2024/03/25 17:00,03F1485S,03F1633S,31,494,87
2024/03/25 17:00,03F1485S,03F1633S,32,493,34
2024/03/25 17:00,03F1485S,03F1633S,41,517,4
2024/03/25 17:00,03F1485S,03F1633S,42,575,10
2024/03/25 17:00,03F1485S,03F1633S,5,593,11
2024/03/25 17:00,01F1621S,03F1651N,31,0,0
2024/03/25 17:00,01F1621S,03F1651N,32,1555,1
2024/03/25 17:00,01F1621S,03F1651N,41,0,0
2024/03/25 17:00,01F1621S,03F1651N,42,0,0
2024/03/25 17:00,01F1621S,03F1651N,5,0,0
2024/03/25 17:00,01F1664N,03F1651N,31,506,34
2024/03/25 17:00,01F1664N,03F1651N,32,520,12
2024/03/25 17:00,01F1664N,03F1651N,41,0,0
2024/03/25 17:00,01F1664N,03F1651N,42,577,5
2024/03/25 17:00,01F1664N,03F1651N,5,0,0
2024/03/25 17:00,03F1710N,03F1651N,31,191,114
2024/03/25 17:00,03F1710N,03F1651N,32,194,34
2024/03/25 17:00,03F1710N,03F1651N,41,206,10
2024/03/25 17:00,03F1710N,03F1651N,42,210,4
2024/03/25 17:00,03F1710N,03F1651N,5,230,5
2024/03/25 17:00,03F1633S,03F1651S,31,61,146
2024/03/25 17:00,03F1633S,03F1651S,32,63,52
2024/03/25 17:00,03F1633S,03F1651S,41,68,2
2024/03/25 17:00,03F1633S,03F1651S,42,69,19
2024/03/25 17:00,03F1633S,03F1651S,5,71,15
2024/03/25 17:00,03F1710S,03F1710N,31,2776,3
2024/03/25 17:00,03F1710S,03F1710N,32,760,1
2024/03/25 17:00,03F1710S,03F1710N,41,0,0
2024/03/25 17:00,03F1710S,03F1710N,42,0,0
2024/03/25 17:00,03F1710S,03F1710N,5,0,0
2024/03/25 17:00,03F1739N,03F1710N,31,95,115
2024/03/25 17:00,03F1739N,03F1710N,32,100,48
2024/03/25 17:00,03F1739N,03F1710N,41,123,1
2024/03/25 17:00,03F1739N,03F1710N,42,114,12
2024/03/25 17:00,03F1739N,03F1710N,5,115,6
2024/03/25 17:00,01F1621S,03F1710S,31,516,2
2024/03/25 17:00,01F1621S,03F1710S,32,618,1
2024/03/25 17:00,01F1621S,03F1710S,41,0,0
2024/03/25 17:00,01F1621S,03F1710S,42,0,0
2024/03/25 17:00,01F1621S,03F1710S,5,0,0
2024/03/25 17:00,01F1664N,03F1710S,31,3245,1
2024/03/25 17:00,01F1664N,03F1710S,32,518,1
2024/03/25 17:00,01F1664N,03F1710S,41,0,0
2024/03/25 17:00,01F1664N,03F1710S,42,0,0
2024/03/25 17:00,01F1664N,03F1710S,5,0,0
2024/03/25 17:00,03F1651S,03F1710S,31,202,79
2024/03/25 17:00,03F1651S,03F1710S,32,206,40
2024/03/25 17:00,03F1651S,03F1710S,41,229,3
2024/03/25 17:00,03F1651S,03F1710S,42,224,22
2024/03/25 17:00,03F1651S,03F1710S,5,227,18
2024/03/25 17:00,03F1779N,03F1739N,31,131,80
2024/03/25 17:00,03F1779N,03F1739N,32,133,31
2024/03/25 17:00,03F1779N,03F1739N,41,143,9
2024/03/25 17:00,03F1779N,03F1739N,42,150,14
2024/03/25 17:00,03F1779N,03F1739N,5,154,7
2024/03/25 17:00,03F1710S,03F1739S,31,95,104
2024/03/25 17:00,03F1710S,03F1739S,32,100,54
2024/03/25 17:00,03F1710S,03F1739S,41,107,3
2024/03/25 17:00,03F1710S,03F1739S,42,108,23
2024/03/25 17:00,03F1710S,03F1739S,5,117,18
2024/03/25 17:00,03F1739N,03F1739S,31,2059,3
2024/03/25 17:00,03F1739N,03F1739S,32,2415,2
2024/03/25 17:00,03F1739N,03F1739S,41,0,0
2024/03/25 17:00,03F1739N,03F1739S,42,2625,1
2024/03/25 17:00,03F1739N,03F1739S,5,2980,1
2024/03/25 17:00,03F1860N,03F1779N,31,270,95
2024/03/25 17:00,03F1860N,03F1779N,32,280,36
2024/03/25 17:00,03F1860N,03F1779N,41,306,9
2024/03/25 17:00,03F1860N,03F1779N,42,361,9
2024/03/25 17:00,03F1860N,03F1779N,5,345,8
2024/03/25 17:00,03F1739S,03F1779S,31,131,79
2024/03/25 17:00,03F1739S,03F1779S,32,138,45
2024/03/25 17:00,03F1739S,03F1779S,41,140,2
2024/03/25 17:00,03F1739S,03F1779S,42,156,14
2024/03/25 17:00,03F1739S,03F1779S,5,176,8
2024/03/25 17:00,03F1941N,03F1860N,31,265,131
2024/03/25 17:00,03F1941N,03F1860N,32,272,50
2024/03/25 17:00,03F1941N,03F1860N,41,295,6
2024/03/25 17:00,03F1941N,03F1860N,42,298,9
2024/03/25 17:00,03F1941N,03F1860N,5,314,12
2024/03/25 17:00,03F1779S,03F1860S,31,270,81
2024/03/25 17:00,03F1779S,03F1860S,32,270,36
2024/03/25 17:00,03F1779S,03F1860S,41,0,0
2024/03/25 17:00,03F1779S,03F1860S,42,318,12
2024/03/25 17:00,03F1779S,03F1860S,5,333,11
2024/03/25 17:00,01F1906S,03F1941N,31,220,13
2024/03/25 17:00,01F1906S,03F1941N,32,235,10
2024/03/25 17:00,01F1906S,03F1941N,41,0,0
2024/03/25 17:00,01F1906S,03F1941N,42,238,4
2024/03/25 17:00,01F1906S,03F1941N,5,0,0
2024/03/25 17:00,01F1960N,03F1941N,31,282,54
2024/03/25 17:00,01F1960N,03F1941N,32,311,22
2024/03/25 17:00,01F1960N,03F1941N,41,323,1
2024/03/25 17:00,01F1960N,03F1941N,42,326,8
2024/03/25 17:00,01F1960N,03F1941N,5,322,6
2024/03/25 17:00,03F1992N,03F1941N,31,165,97
2024/03/25 17:00,03F1992N,03F1941N,32,172,32
2024/03/25 17:00,03F1992N,03F1941N,41,180,10
2024/03/25 17:00,03F1992N,03F1941N,42,212,7
2024/03/25 17:00,03F1992N,03F1941N,5,200,7
2024/03/25 17:00,03F1860S,03F1944S,31,286,119
2024/03/25 17:00,03F1860S,03F1944S,32,301,58
2024/03/25 17:00,03F1860S,03F1944S,41,330,4
2024/03/25 17:00,03F1860S,03F1944S,42,359,18
2024/03/25 17:00,03F1860S,03F1944S,5,339,16
2024/03/25 17:00,01F1906S,03F1991S,31,229,7
2024/03/25 17:00,01F1906S,03F1991S,32,227,10
2024/03/25 17:00,01F1906S,03F1991S,41,211,1
2024/03/25 17:00,01F1906S,03F1991S,42,241,1
2024/03/25 17:00,01F1906S,03F1991S,5,234,3
2024/03/25 17:00,01F1960N,03F1991S,31,276,39
2024/03/25 17:00,01F1960N,03F1991S,32,278,19
2024/03/25 17:00,01F1960N,03F1991S,41,0,0
2024/03/25 17:00,01F1960N,03F1991S,42,295,6
2024/03/25 17:00,01F1960N,03F1991S,5,299,4
2024/03/25 17:00,03F1944S,03F1991S,31,157,135
2024/03/25 17:00,03F1944S,03F1991S,32,157,48
2024/03/25 17:00,03F1944S,03F1991S,41,0,0
2024/03/25 17:00,03F1944S,03F1991S,42,183,7
2024/03/25 17:00,03F1944S,03F1991S,5,180,13
2024/03/25 17:00,03F2066N,03F1992N,31,243,107
2024/03/25 17:00,03F2066N,03F1992N,32,260,45
2024/03/25 17:00,03F2066N,03F1992N,41,268,6
2024/03/25 17:00,03F2066N,03F1992N,42,270,10
2024/03/25 17:00,03F2066N,03F1992N,5,304,10
2024/03/25 17:00,03F2078N,03F2066N,31,43,200
2024/03/25 17:00,03F2078N,03F2066N,32,44,48
2024/03/25 17:00,03F2078N,03F2066N,41,0,0
2024/03/25 17:00,03F2078N,03F2066N,42,50,12
2024/03/25 17:00,03F2078N,03F2066N,5,51,7
2024/03/25 17:00,03F1991S,03F2066S,31,252,112
2024/03/25 17:00,03F1991S,03F2066S,32,253,52
2024/03/25 17:00,03F1991S,03F2066S,41,279,1
2024/03/25 17:00,03F1991S,03F2066S,42,283,13
2024/03/25 17:00,03F1991S,03F2066S,5,283,14
2024/03/25 17:00,03F2100N,03F2078N,31,81,182
2024/03/25 17:00,03F2100N,03F2078N,32,83,63
2024/03/25 17:00,03F2100N,03F2078N,41,86,1
2024/03/25 17:00,03F2100N,03F2078N,42,92,15
2024/03/25 17:00,03F2100N,03F2078N,5,91,7
2024/03/25 17:00,03F2066S,03F2079S,31,47,188
2024/03/25 17:00,03F2066S,03F2079S,32,48,69
2024/03/25 17:00,03F2066S,03F2079S,41,53,2
2024/03/25 17:00,03F2066S,03F2079S,42,50,9
2024/03/25 17:00,03F2066S,03F2079S,5,55,11
2024/03/25 17:00,03F2125N,03F2100N,31,87,193
2024/03/25 17:00,03F2125N,03F2100N,32,87,57
2024/03/25 17:00,03F2125N,03F2100N,41,95,3
2024/03/25 17:00,03F2125N,03F2100N,42,103,10
2024/03/25 17:00,03F2125N,03F2100N,5,101,2
2024/03/25 17:00,03F2079S,03F2100S,31,72,178
2024/03/25 17:00,03F2079S,03F2100S,32,76,68
2024/03/25 17:00,03F2079S,03F2100S,41,84,2
2024/03/25 17:00,03F2079S,03F2100S,42,80,12
2024/03/25 17:00,03F2079S,03F2100S,5,90,4
2024/03/25 17:00,03F2153N,03F2125N,31,99,245
2024/03/25 17:00,03F2153N,03F2125N,32,102,93
2024/03/25 17:00,03F2153N,03F2125N,41,108,1
2024/03/25 17:00,03F2153N,03F2125N,42,113,14
2024/03/25 17:00,03F2153N,03F2125N,5,113,4
2024/03/25 17:00,03F2100S,03F2129S,31,101,136
2024/03/25 17:00,03F2100S,03F2129S,32,103,46
2024/03/25 17:00,03F2100S,03F2129S,41,131,1
2024/03/25 17:00,03F2100S,03F2129S,42,113,10
2024/03/25 17:00,03F2100S,03F2129S,5,116,9
2024/03/25 17:00,03F2129S,03F2152S,31,79,155
2024/03/25 17:00,03F2129S,03F2152S,32,81,62
2024/03/25 17:00,03F2129S,03F2152S,41,80,2
2024/03/25 17:00,03F2129S,03F2152S,42,85,8
2024/03/25 17:00,03F2129S,03F2152S,5,95,10
2024/03/25 17:00,03F2194N,03F2153N,31,140,214
2024/03/25 17:00,03F2194N,03F2153N,32,142,93
2024/03/25 17:00,03F2194N,03F2153N,41,154,4
2024/03/25 17:00,03F2194N,03F2153N,42,153,16
2024/03/25 17:00,03F2194N,03F2153N,5,162,3
2024/03/25 17:00,03F2231N,03F2194N,31,120,216
2024/03/25 17:00,03F2231N,03F2194N,32,123,68
2024/03/25 17:00,03F2231N,03F2194N,41,137,2
2024/03/25 17:00,03F2231N,03F2194N,42,127,14
2024/03/25 17:00,03F2231N,03F2194N,5,135,2
2024/03/25 17:00,03F2152S,03F2194S,31,140,165
2024/03/25 17:00,03F2152S,03F2194S,32,146,65
2024/03/25 17:00,03F2152S,03F2194S,41,156,2
2024/03/25 17:00,03F2152S,03F2194S,42,153,7
2024/03/25 17:00,03F2152S,03F2194S,5,173,5
2024/03/25 17:00,03F2260N,03F2231N,31,101,194
2024/03/25 17:00,03F2260N,03F2231N,32,105,63
2024/03/25 17:00,03F2260N,03F2231N,41,112,11
2024/03/25 17:00,03F2260N,03F2231N,42,112,11
2024/03/25 17:00,03F2260N,03F2231N,5,115,3
2024/03/25 17:00,03F2194S,03F2235S,31,133,121
2024/03/25 17:00,03F2194S,03F2235S,32,136,46
2024/03/25 17:00,03F2194S,03F2235S,41,148,2
2024/03/25 17:00,03F2194S,03F2235S,42,154,11
2024/03/25 17:00,03F2194S,03F2235S,5,155,4
2024/03/25 17:00,03F2306N,03F2260N,31,153,161
2024/03/25 17:00,03F2306N,03F2260N,32,164,43
2024/03/25 17:00,03F2306N,03F2260N,41,160,12
2024/03/25 17:00,03F2306N,03F2260N,42,174,10
2024/03/25 17:00,03F2306N,03F2260N,5,173,2
2024/03/25 17:00,03F2235S,03F2261S,31,85,128
2024/03/25 17:00,03F2235S,03F2261S,32,88,42
2024/03/25 17:00,03F2235S,03F2261S,41,90,1
2024/03/25 17:00,03F2235S,03F2261S,42,101,5
2024/03/25 17:00,03F2235S,03F2261S,5,107,5
2024/03/25 17:00,03F2306S,03F2306N,31,2331,4
2024/03/25 17:00,03F2306S,03F2306N,32,2607,2
2024/03/25 17:00,03F2306S,03F2306N,41,0,0
2024/03/25 17:00,03F2306S,03F2306N,42,0,0
2024/03/25 17:00,03F2306S,03F2306N,5,0,0
2024/03/25 17:00,03F2336N,03F2306N,31,101,182
2024/03/25 17:00,03F2336N,03F2306N,32,104,58
2024/03/25 17:00,03F2336N,03F2306N,41,712,2
2024/03/25 17:00,03F2336N,03F2306N,42,114,10
2024/03/25 17:00,03F2336N,03F2306N,5,127,1
2024/03/25 17:00,03F2261S,03F2306S,31,145,84
2024/03/25 17:00,03F2261S,03F2306S,32,153,28
2024/03/25 17:00,03F2261S,03F2306S,41,163,2
2024/03/25 17:00,03F2261S,03F2306S,42,170,3
2024/03/25 17:00,03F2261S,03F2306S,5,183,5
2024/03/25 17:00,03F2415N,03F2336N,31,260,118
2024/03/25 17:00,03F2415N,03F2336N,32,259,40
2024/03/25 17:00,03F2415N,03F2336N,41,326,1
2024/03/25 17:00,03F2415N,03F2336N,42,328,6
2024/03/25 17:00,03F2415N,03F2336N,5,362,2
2024/03/25 17:00,03F2306S,03F2336S,31,99,87
2024/03/25 17:00,03F2306S,03F2336S,32,99,34
2024/03/25 17:00,03F2306S,03F2336S,41,766,4
2024/03/25 17:00,03F2306S,03F2336S,42,108,6
2024/03/25 17:00,03F2306S,03F2336S,5,122,5
2024/03/25 17:00,03F2336N,03F2336S,31,1143,2
2024/03/25 17:00,03F2336N,03F2336S,32,0,0
2024/03/25 17:00,03F2336N,03F2336S,41,0,0
2024/03/25 17:00,03F2336N,03F2336S,42,0,0
2024/03/25 17:00,03F2336N,03F2336S,5,2455,2
2024/03/25 17:00,03F2447N,03F2415N,31,109,80
2024/03/25 17:00,03F2447N,03F2415N,32,111,42
2024/03/25 17:00,03F2447N,03F2415N,41,110,1
2024/03/25 17:00,03F2447N,03F2415N,42,125,5
2024/03/25 17:00,03F2447N,03F2415N,5,132,5
2024/03/25 17:00,03F2336S,03F2415S,31,255,80
2024/03/25 17:00,03F2336S,03F2415S,32,256,25
2024/03/25 17:00,03F2336S,03F2415S,41,270,2
2024/03/25 17:00,03F2336S,03F2415S,42,293,8
2024/03/25 17:00,03F2336S,03F2415S,5,333,5
2024/03/25 17:00,03F2535N,03F2447N,31,286,82
2024/03/25 17:00,03F2535N,03F2447N,32,293,40
2024/03/25 17:00,03F2535N,03F2447N,41,0,0
2024/03/25 17:00,03F2535N,03F2447N,42,332,6
2024/03/25 17:00,03F2535N,03F2447N,5,362,4
2024/03/25 17:00,03F2415S,03F2447S,31,102,68
2024/03/25 17:00,03F2415S,03F2447S,32,103,18
2024/03/25 17:00,03F2415S,03F2447S,41,108,2
2024/03/25 17:00,03F2415S,03F2447S,42,111,4
2024/03/25 17:00,03F2415S,03F2447S,5,135,3
2024/03/25 17:00,03F2614N,03F2535N,31,250,69
2024/03/25 17:00,03F2614N,03F2535N,32,254,22
2024/03/25 17:00,03F2614N,03F2535N,41,289,1
2024/03/25 17:00,03F2614N,03F2535N,42,283,4
2024/03/25 17:00,03F2614N,03F2535N,5,306,1
2024/03/25 17:00,03F2447S,03F2535S,31,286,79
2024/03/25 17:00,03F2447S,03F2535S,32,287,17
2024/03/25 17:00,03F2447S,03F2535S,41,309,4
2024/03/25 17:00,03F2447S,03F2535S,42,373,5
2024/03/25 17:00,03F2447S,03F2535S,5,364,4
2024/03/25 17:00,03F2709N,03F2614N,31,306,68
2024/03/25 17:00,03F2709N,03F2614N,32,309,29
2024/03/25 17:00,03F2709N,03F2614N,41,0,0
2024/03/25 17:00,03F2709N,03F2614N,42,368,5
2024/03/25 17:00,03F2709N,03F2614N,5,404,2
2024/03/25 17:00,03F2535S,03F2614S,31,251,79
2024/03/25 17:00,03F2535S,03F2614S,32,252,24
2024/03/25 17:00,03F2535S,03F2614S,41,277,1
2024/03/25 17:00,03F2535S,03F2614S,42,274,3
2024/03/25 17:00,03F2535S,03F2614S,5,322,2
2024/03/25 17:00,03F2747N,03F2709N,31,122,80
2024/03/25 17:00,03F2747N,03F2709N,32,131,23
2024/03/25 17:00,03F2747N,03F2709N,41,127,1
2024/03/25 17:00,03F2747N,03F2709N,42,209,5
2024/03/25 17:00,03F2747N,03F2709N,5,223,4
2024/03/25 17:00,03F2614S,03F2709S,31,305,55
2024/03/25 17:00,03F2614S,03F2709S,32,318,22
2024/03/25 17:00,03F2614S,03F2709S,41,310,2
2024/03/25 17:00,03F2614S,03F2709S,42,326,5
2024/03/25 17:00,03F2614S,03F2709S,5,399,3
2024/03/25 17:00,03F2747S,03F2747N,31,300,1
2024/03/25 17:00,03F2747S,03F2747N,32,425,1
2024/03/25 17:00,03F2747S,03F2747N,41,0,0
2024/03/25 17:00,03F2747S,03F2747N,42,0,0
2024/03/25 17:00,03F2747S,03F2747N,5,0,0
2024/03/25 17:00,03F2777N,03F2747N,31,96,80
2024/03/25 17:00,03F2777N,03F2747N,32,97,22
2024/03/25 17:00,03F2777N,03F2747N,41,0,0
2024/03/25 17:00,03F2777N,03F2747N,42,110,3
2024/03/25 17:00,03F2777N,03F2747N,5,116,3
2024/03/25 17:00,03F2709S,03F2747S,31,125,59
2024/03/25 17:00,03F2709S,03F2747S,32,134,27
2024/03/25 17:00,03F2709S,03F2747S,41,130,1
2024/03/25 17:00,03F2709S,03F2747S,42,132,7
2024/03/25 17:00,03F2709S,03F2747S,5,164,2
2024/03/25 17:00,03F2840N,03F2777N,31,204,75
2024/03/25 17:00,03F2840N,03F2777N,32,213,28
2024/03/25 17:00,03F2840N,03F2777N,41,223,1
2024/03/25 17:00,03F2840N,03F2777N,42,245,4
2024/03/25 17:00,03F2840N,03F2777N,5,245,3
2024/03/25 17:00,03F2747S,03F2777S,31,103,69
2024/03/25 17:00,03F2747S,03F2777S,32,106,27
2024/03/25 17:00,03F2747S,03F2777S,41,103,1
2024/03/25 17:00,03F2747S,03F2777S,42,113,6
2024/03/25 17:00,03F2747S,03F2777S,5,119,2
2024/03/25 17:00,03F2777N,03F2777S,31,0,0
2024/03/25 17:00,03F2777N,03F2777S,32,2595,1
2024/03/25 17:00,03F2777N,03F2777S,41,0,0
2024/03/25 17:00,03F2777N,03F2777S,42,0,0
2024/03/25 17:00,03F2777N,03F2777S,5,0,0
2024/03/25 17:00,03F2899N,03F2840N,31,191,56
2024/03/25 17:00,03F2899N,03F2840N,32,195,30
2024/03/25 17:00,03F2899N,03F2840N,41,195,2
2024/03/25 17:00,03F2899N,03F2840N,42,230,6
2024/03/25 17:00,03F2899N,03F2840N,5,0,0
2024/03/25 17:00,03F2777S,03F2840S,31,206,67
2024/03/25 17:00,03F2777S,03F2840S,32,210,25
2024/03/25 17:00,03F2777S,03F2840S,41,232,3
2024/03/25 17:00,03F2777S,03F2840S,42,257,2
2024/03/25 17:00,03F2777S,03F2840S,5,249,1
2024/03/25 17:00,03F2923N,03F2899N,31,75,68
2024/03/25 17:00,03F2923N,03F2899N,32,77,21
2024/03/25 17:00,03F2923N,03F2899N,41,0,0
2024/03/25 17:00,03F2923N,03F2899N,42,84,3
2024/03/25 17:00,03F2923N,03F2899N,5,93,3
2024/03/25 17:00,03F2840S,03F2899S,31,188,70
2024/03/25 17:00,03F2840S,03F2899S,32,197,26
2024/03/25 17:00,03F2840S,03F2899S,41,239,1
2024/03/25 17:00,03F2840S,03F2899S,42,223,5
2024/03/25 17:00,03F2840S,03F2899S,5,0,0
2024/03/25 17:00,03F2985N,03F2923N,31,205,65
2024/03/25 17:00,03F2985N,03F2923N,32,208,24
2024/03/25 17:00,03F2985N,03F2923N,41,229,1
2024/03/25 17:00,03F2985N,03F2923N,42,232,6
2024/03/25 17:00,03F2985N,03F2923N,5,251,5
2024/03/25 17:00,03F2899S,03F2923S,31,77,82
2024/03/25 17:00,03F2899S,03F2923S,32,79,22
2024/03/25 17:00,03F2899S,03F2923S,41,93,2
2024/03/25 17:00,03F2899S,03F2923S,42,88,6
2024/03/25 17:00,03F2899S,03F2923S,5,0,0
2024/03/25 17:00,03F3101N,03F2985N,31,369,66
2024/03/25 17:00,03F3101N,03F2985N,32,382,19
2024/03/25 17:00,03F3101N,03F2985N,41,419,2
2024/03/25 17:00,03F3101N,03F2985N,42,464,4
2024/03/25 17:00,03F3101N,03F2985N,5,519,3
2024/03/25 17:00,03F2923S,03F2985S,31,207,63
2024/03/25 17:00,03F2923S,03F2985S,32,211,27
2024/03/25 17:00,03F2923S,03F2985S,41,225,5
2024/03/25 17:00,03F2923S,03F2985S,42,267,5
2024/03/25 17:00,03F2923S,03F2985S,5,267,1
2024/03/25 17:00,03F3187N,03F3101N,31,280,67
2024/03/25 17:00,03F3187N,03F3101N,32,286,22
2024/03/25 17:00,03F3187N,03F3101N,41,289,1
2024/03/25 17:00,03F3187N,03F3101N,42,325,6
2024/03/25 17:00,03F3187N,03F3101N,5,331,2
2024/03/25 17:00,03F2985S,03F3101S,31,378,60
2024/03/25 17:00,03F2985S,03F3101S,32,384,24
2024/03/25 17:00,03F2985S,03F3101S,41,0,0
2024/03/25 17:00,03F2985S,03F3101S,42,400,5
2024/03/25 17:00,03F2985S,03F3101S,5,486,1
2024/03/25 17:00,03F3187S,03F3187N,31,1305,1
2024/03/25 17:00,03F3187S,03F3187N,32,3294,1
2024/03/25 17:00,03F3187S,03F3187N,41,0,0
2024/03/25 17:00,03F3187S,03F3187N,42,0,0
2024/03/25 17:00,03F3187S,03F3187N,5,291,1
2024/03/25 17:00,03F3211N,03F3187N,31,78,53
2024/03/25 17:00,03F3211N,03F3187N,32,79,30
2024/03/25 17:00,03F3211N,03F3187N,41,81,1
2024/03/25 17:00,03F3211N,03F3187N,42,84,7
2024/03/25 17:00,03F3211N,03F3187N,5,100,1
2024/03/25 17:00,03F3101S,03F3187S,31,280,72
2024/03/25 17:00,03F3101S,03F3187S,32,281,29
2024/03/25 17:00,03F3101S,03F3187S,41,309,2
2024/03/25 17:00,03F3101S,03F3187S,42,358,4
2024/03/25 17:00,03F3101S,03F3187S,5,382,2
2024/03/25 17:00,03F3259N,03F3211N,31,152,58
2024/03/25 17:00,03F3259N,03F3211N,32,155,27
2024/03/25 17:00,03F3259N,03F3211N,41,0,0
2024/03/25 17:00,03F3259N,03F3211N,42,175,8
2024/03/25 17:00,03F3259N,03F3211N,5,187,2
2024/03/25 17:00,03F3187S,03F3211S,31,80,75
2024/03/25 17:00,03F3187S,03F3211S,32,80,31
2024/03/25 17:00,03F3187S,03F3211S,41,0,0
2024/03/25 17:00,03F3187S,03F3211S,42,86,5
2024/03/25 17:00,03F3187S,03F3211S,5,112,1
2024/03/25 17:00,03F3211N,03F3211S,31,0,0
2024/03/25 17:00,03F3211N,03F3211S,32,0,0
2024/03/25 17:00,03F3211N,03F3211S,41,0,0
2024/03/25 17:00,03F3211N,03F3211S,42,0,0
2024/03/25 17:00,03F3211N,03F3211S,5,0,0
2024/03/25 17:00,03F3307N,03F3259N,31,155,66
2024/03/25 17:00,03F3307N,03F3259N,32,159,20
2024/03/25 17:00,03F3307N,03F3259N,41,171,1
2024/03/25 17:00,03F3307N,03F3259N,42,193,9
2024/03/25 17:00,03F3307N,03F3259N,5,185,4
2024/03/25 17:00,03F3211S,03F3259S,31,157,85
2024/03/25 17:00,03F3211S,03F3259S,32,162,25
2024/03/25 17:00,03F3211S,03F3259S,41,181,3
2024/03/25 17:00,03F3211S,03F3259S,42,188,4
2024/03/25 17:00,03F3211S,03F3259S,5,0,0
2024/03/25 17:00,03F3392N,03F3307N,31,275,47
2024/03/25 17:00,03F3392N,03F3307N,32,283,20
2024/03/25 17:00,03F3392N,03F3307N,41,288,3
2024/03/25 17:00,03F3392N,03F3307N,42,357,4
2024/03/25 17:00,03F3392N,03F3307N,5,333,4
2024/03/25 17:00,03F3259S,03F3307S,31,159,100
2024/03/25 17:00,03F3259S,03F3307S,32,165,30
2024/03/25 17:00,03F3259S,03F3307S,41,176,1
2024/03/25 17:00,03F3259S,03F3307S,42,183,4
2024/03/25 17:00,03F3259S,03F3307S,5,214,5
2024/03/25 17:00,03F3445N,03F3392N,31,172,78
2024/03/25 17:00,03F3445N,03F3392N,32,175,33
2024/03/25 17:00,03F3445N,03F3392N,41,0,0
2024/03/25 17:00,03F3445N,03F3392N,42,214,8
2024/03/25 17:00,03F3445N,03F3392N,5,273,4
2024/03/25 17:00,03F3307S,03F3392S,31,276,100
2024/03/25 17:00,03F3307S,03F3392S,32,284,32
2024/03/25 17:00,03F3307S,03F3392S,41,298,5
2024/03/25 17:00,03F3307S,03F3392S,42,307,5
2024/03/25 17:00,03F3307S,03F3392S,5,377,4
2024/03/25 17:00,01F3126S,03F3445N,31,0,0
2024/03/25 17:00,01F3126S,03F3445N,32,0,0
2024/03/25 17:00,01F3126S,03F3445N,41,0,0
2024/03/25 17:00,01F3126S,03F3445N,42,0,0
2024/03/25 17:00,01F3126S,03F3445N,5,0,0
2024/03/25 17:00,01F3185N,03F3445N,31,549,13
2024/03/25 17:00,01F3185N,03F3445N,32,557,2
2024/03/25 17:00,01F3185N,03F3445N,41,0,0
2024/03/25 17:00,01F3185N,03F3445N,42,580,2
2024/03/25 17:00,01F3185N,03F3445N,5,0,0
2024/03/25 17:00,03F3496N,03F3445N,31,168,63
2024/03/25 17:00,03F3496N,03F3445N,32,180,20
2024/03/25 17:00,03F3496N,03F3445N,41,188,2
2024/03/25 17:00,03F3496N,03F3445N,42,211,6
2024/03/25 17:00,03F3496N,03F3445N,5,212,3
2024/03/25 17:00,03F3392S,03F3445S,31,175,131
2024/03/25 17:00,03F3392S,03F3445S,32,181,42
2024/03/25 17:00,03F3392S,03F3445S,41,190,5
2024/03/25 17:00,03F3392S,03F3445S,42,196,7
2024/03/25 17:00,03F3392S,03F3445S,5,220,2
2024/03/25 17:00,03F3588N,03F3496N,31,292,44
2024/03/25 17:00,03F3588N,03F3496N,32,314,26
2024/03/25 17:00,03F3588N,03F3496N,41,317,1
2024/03/25 17:00,03F3588N,03F3496N,42,371,6
2024/03/25 17:00,03F3588N,03F3496N,5,380,4
2024/03/25 17:00,01F3126S,03F3496S,31,550,6
2024/03/25 17:00,01F3126S,03F3496S,32,564,1
2024/03/25 17:00,01F3126S,03F3496S,41,0,0
2024/03/25 17:00,01F3126S,03F3496S,42,591,4
2024/03/25 17:00,01F3126S,03F3496S,5,611,4
2024/03/25 17:00,01F3185N,03F3496S,31,506,1
2024/03/25 17:00,01F3185N,03F3496S,32,2550,1
2024/03/25 17:00,01F3185N,03F3496S,41,0,0
2024/03/25 17:00,01F3185N,03F3496S,42,0,0
2024/03/25 17:00,01F3185N,03F3496S,5,0,0
2024/03/25 17:00,03F3445S,03F3496S,31,170,96
2024/03/25 17:00,03F3445S,03F3496S,32,169,40
2024/03/25 17:00,03F3445S,03F3496S,41,174,3
2024/03/25 17:00,03F3445S,03F3496S,42,190,7
2024/03/25 17:00,03F3445S,03F3496S,5,224,6
2024/03/25 17:00,03F3670N,03F3588N,31,269,74
2024/03/25 17:00,03F3670N,03F3588N,32,274,30
2024/03/25 17:00,03F3670N,03F3588N,41,0,0
2024/03/25 17:00,03F3670N,03F3588N,42,334,4
2024/03/25 17:00,03F3670N,03F3588N,5,332,8
2024/03/25 17:00,03F3496S,03F3588S,31,301,72
2024/03/25 17:00,03F3496S,03F3588S,32,304,41
2024/03/25 17:00,03F3496S,03F3588S,41,308,2
2024/03/25 17:00,03F3496S,03F3588S,42,320,3
2024/03/25 17:00,03F3496S,03F3588S,5,361,7
2024/03/25 17:00,03F3743N,03F3670N,31,242,60
2024/03/25 17:00,03F3743N,03F3670N,32,240,34
2024/03/25 17:00,03F3743N,03F3670N,41,243,6
2024/03/25 17:00,03F3743N,03F3670N,42,271,7
2024/03/25 17:00,03F3743N,03F3670N,5,277,9
2024/03/25 17:00,03F3588S,03F3670S,31,276,95
2024/03/25 17:00,03F3588S,03F3670S,32,283,50
2024/03/25 17:00,03F3588S,03F3670S,41,313,2
2024/03/25 17:00,03F3588S,03F3670S,42,317,19
2024/03/25 17:00,03F3588S,03F3670S,5,319,10
2024/03/25 17:00,01F3590S,03F3743N,31,0,0
2024/03/25 17:00,01F3590S,03F3743N,32,2613,1
2024/03/25 17:00,01F3590S,03F3743N,41,0,0
2024/03/25 17:00,01F3590S,03F3743N,42,0,0
2024/03/25 17:00,01F3590S,03F3743N,5,0,0
2024/03/25 17:00,01F3640N,03F3743N,31,953,7
2024/03/25 17:00,01F3640N,03F3743N,32,0,0
2024/03/25 17:00,01F3640N,03F3743N,41,0,0
2024/03/25 17:00,01F3640N,03F3743N,42,0,0
2024/03/25 17:00,01F3640N,03F3743N,5,0,0
2024/03/25 17:00,03F3854N,03F3743N,31,362,51
2024/03/25 17:00,03F3854N,03F3743N,32,372,16
2024/03/25 17:00,03F3854N,03F3743N,41,409,2
2024/03/25 17:00,03F3854N,03F3743N,42,458,3
2024/03/25 17:00,03F3854N,03F3743N,5,469,3
2024/03/25 17:00,03F3670S,03F3743S,31,243,70
2024/03/25 17:00,03F3670S,03F3743S,32,242,42
2024/03/25 17:00,03F3670S,03F3743S,41,337,2
2024/03/25 17:00,03F3670S,03F3743S,42,274,9
2024/03/25 17:00,03F3670S,03F3743S,5,298,11
2024/03/25 17:00,03F3916N,03F3854N,31,205,52
2024/03/25 17:00,03F3916N,03F3854N,32,225,28
2024/03/25 17:00,03F3916N,03F3854N,41,0,0
2024/03/25 17:00,03F3916N,03F3854N,42,235,6
2024/03/25 17:00,03F3916N,03F3854N,5,244,3
2024/03/25 17:00,01F3590S,03F3854S,31,866,2
2024/03/25 17:00,01F3590S,03F3854S,32,970,1
2024/03/25 17:00,01F3590S,03F3854S,41,0,0
2024/03/25 17:00,01F3590S,03F3854S,42,0,0
2024/03/25 17:00,01F3590S,03F3854S,5,0,0
2024/03/25 17:00,01F3640N,03F3854S,31,842,7
2024/03/25 17:00,01F3640N,03F3854S,32,859,2
2024/03/25 17:00,01F3640N,03F3854S,41,0,0
2024/03/25 17:00,01F3640N,03F3854S,42,0,0
2024/03/25 17:00,01F3640N,03F3854S,5,867,1
2024/03/25 17:00,03F3743S,03F3854S,31,376,55
2024/03/25 17:00,03F3743S,03F3854S,32,383,21
2024/03/25 17:00,03F3743S,03F3854S,41,478,1
2024/03/25 17:00,03F3743S,03F3854S,42,449,4
2024/03/25 17:00,03F3743S,03F3854S,5,453,4
2024/03/25 17:00,03F3984N,03F3916N,31,233,55
2024/03/25 17:00,03F3984N,03F3916N,32,237,23
2024/03/25 17:00,03F3984N,03F3916N,41,248,1
2024/03/25 17:00,03F3984N,03F3916N,42,258,4
2024/03/25 17:00,03F3984N,03F3916N,5,272,5
2024/03/25 17:00,03F3854S,03F3916S,31,207,66
2024/03/25 17:00,03F3854S,03F3916S,32,224,29
2024/03/25 17:00,03F3854S,03F3916S,41,0,0
2024/03/25 17:00,03F3854S,03F3916S,42,247,6
2024/03/25 17:00,03F3854S,03F3916S,5,256,3
2024/03/25 17:00,03F3916S,03F3981S,31,223,58
2024/03/25 17:00,03F3916S,03F3981S,32,231,31
2024/03/25 17:00,03F3916S,03F3981S,41,264,2
2024/03/25 17:00,03F3916S,03F3981S,42,262,7
2024/03/25 17:00,03F3916S,03F3981S,5,243,5
2024/03/25 17:00,03F4021N,03F3984N,31,126,45
2024/03/25 17:00,03F4021N,03F3984N,32,131,19
2024/03/25 17:00,03F4021N,03F3984N,41,0,0
2024/03/25 17:00,03F4021N,03F3984N,42,151,6
2024/03/25 17:00,03F4021N,03F3984N,5,0,0
2024/03/25 17:00,03F3981S,03F4018S,31,123,43
2024/03/25 17:00,03F3981S,03F4018S,32,126,18
2024/03/25 17:00,03F3981S,03F4018S,41,139,1
2024/03/25 17:00,03F3981S,03F4018S,42,144,3
2024/03/25 17:00,03F3981S,03F4018S,5,143,3
2024/03/25 17:00,03F4142N,03F4021N,31,750,45
2024/03/25 17:00,03F4142N,03F4021N,32,757,12
2024/03/25 17:00,03F4142N,03F4021N,41,522,1
2024/03/25 17:00,03F4142N,03F4021N,42,796,2
2024/03/25 17:00,03F4142N,03F4021N,5,839,2
2024/03/25 17:00,03F4168N,03F4142N,31,84,51
2024/03/25 17:00,03F4168N,03F4142N,32,88,20
2024/03/25 17:00,03F4168N,03F4142N,41,0,0
2024/03/25 17:00,03F4168N,03F4142N,42,86,3
2024/03/25 17:00,03F4168N,03F4142N,5,0,0
2024/03/25 17:00,03F4018S,03F4142S,31,423,34
2024/03/25 17:00,03F4018S,03F4142S,32,430,26
2024/03/25 17:00,03F4018S,03F4142S,41,427,2
2024/03/25 17:00,03F4018S,03F4142S,42,505,5
2024/03/25 17:00,03F4018S,03F4142S,5,501,3
2024/03/25 17:00,03F4232N,03F4168N,31,228,74
2024/03/25 17:00,03F4232N,03F4168N,32,233,27
2024/03/25 17:00,03F4232N,03F4168N,41,0,0
2024/03/25 17:00,03F4232N,03F4168N,42,254,3
2024/03/25 17:00,03F4232N,03F4168N,5,247,2
2024/03/25 17:00,03F4142S,03F4168S,31,90,27
2024/03/25 17:00,03F4142S,03F4168S,32,93,13
2024/03/25 17:00,03F4142S,03F4168S,41,92,2
2024/03/25 17:00,03F4142S,03F4168S,42,0,0
2024/03/25 17:00,03F4142S,03F4168S,5,0,0
2024/03/25 17:00,03F4259N,03F4232N,31,91,28
2024/03/25 17:00,03F4259N,03F4232N,32,91,13
2024/03/25 17:00,03F4259N,03F4232N,41,124,1
2024/03/25 17:00,03F4259N,03F4232N,42,0,0
2024/03/25 17:00,03F4259N,03F4232N,5,527,2
2024/03/25 17:00,03F4168S,03F4232S,31,209,53
2024/03/25 17:00,03F4168S,03F4232S,32,205,13
2024/03/25 17:00,03F4168S,03F4232S,41,271,1
2024/03/25 17:00,03F4168S,03F4232S,42,260,2
2024/03/25 17:00,03F4168S,03F4232S,5,245,1
2024/03/25 17:00,03F4232S,03F4263S,31,107,17
2024/03/25 17:00,03F4232S,03F4263S,32,101,6
2024/03/25 17:00,03F4232S,03F4263S,41,117,1
2024/03/25 17:00,03F4232S,03F4263S,42,0,0
2024/03/25 17:00,03F4232S,03F4263S,5,0,0
2024/03/25 17:00,03F0158S,05F0000S,31,48,60
2024/03/25 17:00,03F0158S,05F0000S,32,49,21
2024/03/25 17:00,03F0158S,05F0000S,41,0,0
2024/03/25 17:00,03F0158S,05F0000S,42,0,0
2024/03/25 17:00,03F0158S,05F0000S,5,0,0
2024/03/25 17:00,03F0201N,05F0000S,31,205,38
2024/03/25 17:00,03F0201N,05F0000S,32,201,13
2024/03/25 17:00,03F0201N,05F0000S,41,216,3
2024/03/25 17:00,03F0201N,05F0000S,42,0,0
2024/03/25 17:00,03F0201N,05F0000S,5,0,0
2024/03/25 17:00,05F0055N,05F0001N,31,266,141
2024/03/25 17:00,05F0055N,05F0001N,32,269,53
2024/03/25 17:00,05F0055N,05F0001N,41,273,5
2024/03/25 17:00,05F0055N,05F0001N,42,739,2
2024/03/25 17:00,05F0055N,05F0001N,5,0,0
2024/03/25 17:00,05F0287N,05F0055N,31,1715,111
2024/03/25 17:00,05F0287N,05F0055N,32,1670,32
2024/03/25 17:00,05F0287N,05F0055N,41,1761,3
2024/03/25 17:00,05F0287N,05F0055N,42,0,0
2024/03/25 17:00,05F0287N,05F0055N,5,0,0
2024/03/25 17:00,05F0000S,05F0055S,31,240,73
2024/03/25 17:00,05F0000S,05F0055S,32,246,17
2024/03/25 17:00,05F0000S,05F0055S,41,254,4
2024/03/25 17:00,05F0000S,05F0055S,42,254,1
2024/03/25 17:00,05F0000S,05F0055S,5,0,0
2024/03/25 17:00,05F0309N,05F0287N,31,261,63
2024/03/25 17:00,05F0309N,05F0287N,32,253,16
2024/03/25 17:00,05F0309N,05F0287N,41,296,5
2024/03/25 17:00,05F0309N,05F0287N,42,0,0
2024/03/25 17:00,05F0309N,05F0287N,5,0,0
2024/03/25 17:00,05F0055S,05F0287S,31,1030,122
2024/03/25 17:00,05F0055S,05F0287S,32,1040,32
2024/03/25 17:00,05F0055S,05F0287S,41,1066,4
2024/03/25 17:00,05F0055S,05F0287S,42,0,0
2024/03/25 17:00,05F0055S,05F0287S,5,0,0
2024/03/25 17:00,05F0438N,05F0309N,31,499,70
2024/03/25 17:00,05F0438N,05F0309N,32,508,9
2024/03/25 17:00,05F0438N,05F0309N,41,530,4
2024/03/25 17:00,05F0438N,05F0309N,42,484,1
2024/03/25 17:00,05F0438N,05F0309N,5,538,1
2024/03/25 17:00,05F0287S,05F0309S,31,87,74
2024/03/25 17:00,05F0287S,05F0309S,32,88,20
2024/03/25 17:00,05F0287S,05F0309S,41,88,1
2024/03/25 17:00,05F0287S,05F0309S,42,0,0
2024/03/25 17:00,05F0287S,05F0309S,5,0,0
2024/03/25 17:00,05F0528N,05F0438N,31,339,50
2024/03/25 17:00,05F0528N,05F0438N,32,336,16
2024/03/25 17:00,05F0528N,05F0438N,41,374,4
2024/03/25 17:00,05F0528N,05F0438N,42,398,1
2024/03/25 17:00,05F0528N,05F0438N,5,360,6
2024/03/25 17:00,05F0309S,05F0439S,31,481,49
2024/03/25 17:00,05F0309S,05F0439S,32,493,17
2024/03/25 17:00,05F0309S,05F0439S,41,0,0
2024/03/25 17:00,05F0309S,05F0439S,42,530,2
2024/03/25 17:00,05F0309S,05F0439S,5,614,6
2024/03/25 17:00,05FR113S,05F0439S,31,112,28
2024/03/25 17:00,05FR113S,05F0439S,32,112,9
2024/03/25 17:00,05FR113S,05F0439S,41,0,0
2024/03/25 17:00,05FR113S,05F0439S,42,0,0
2024/03/25 17:00,05FR113S,05F0439S,5,114,1
2024/03/25 17:00,05F0439S,05F0494S,31,194,19
2024/03/25 17:00,05F0439S,05F0494S,32,207,6
2024/03/25 17:00,05F0439S,05F0494S,41,0,0
2024/03/25 17:00,05F0439S,05F0494S,42,208,1
2024/03/25 17:00,05F0439S,05F0494S,5,219,5
2024/03/25 17:00,05F0438N,05FR143N,31,109,30
2024/03/25 17:00,05F0438N,05FR143N,32,111,8
2024/03/25 17:00,05F0438N,05FR143N,41,122,1
2024/03/25 17:00,05F0438N,05FR143N,42,0,0
2024/03/25 17:00,05F0438N,05FR143N,5,111,5
